player_id,player_name,role,batting_style,bowling_style,country,team_id,created_at,updated_at
1,laksh,batsman,defensive,off-spin,india,,2026-09-04 10:15:51.063,2026-09-04 10:15:51.063
2,ro,batsman,def,,in,,2026-09-04 14:22:13.990,2026-09-04 14:22:13.990
6,gsgs,hdfd,,,,,2026-09-05 11:26:56.803,2026-09-05 11:26:56.803
8,laksh,batsman,,,,,2026-09-05 11:29:22.600,2026-09-05 11:29:22.600
10,fses,sfs,,,,,2026-09-05 11:31:39.040,2026-09-05 11:31:39.040
278,Graeme Cremer,Bowler,Right Handed Bat,Right-arm legbreak,Zimbabwe,12.0,2026-09-02 11:34:17.483,2026-09-03 11:08:27.503
394,Mushfiqur Rahim,WK-Batsman,Right Handed Bat,{'t20BestRank': '63'},Bangladesh,6.0,2026-09-02 11:36:06.013,2026-09-03 11:08:29.933
587,Ravindra Jadeja,Bowling Allrounder,Left Handed Bat,Left-arm orthodox,India,2.0,2026-09-02 11:35:56.107,2026-09-03 11:08:32.187
657,Kieron Pollard,Batting Allrounder,Right Handed Bat,Right-arm medium,West Indies,271.0,2026-09-02 11:34:07.850,2026-09-03 11:08:34.490
1114,Paul Stirling,Batting Allrounder,Right Handed Bat,Right-arm offbreak,Ireland,577.0,2026-09-02 11:33:50.850,2026-09-03 11:08:37.100
1394,Andre Fletcher,WK-Batsman,Right Handed Bat,{},West Indies,302.0,2026-09-02 11:34:50.283,2026-09-03 11:08:39.687
1398,Richie Berrington,Batting Allrounder,Right Handed Bat,Right-arm fast-medium,Scotland,575.0,2026-09-02 11:34:21.997,2026-09-03 11:08:42.130
1437,Moises Henriques,Batting Allrounder,Right Handed Bat,Right-arm fast-medium,Portugal,575.0,2026-09-02 11:34:21.977,2026-09-03 11:08:44.920
1593,Ravichandran Ashwin,Bowling Allrounder,Right Handed Bat,Right-arm offbreak,India,576.0,2026-09-02 11:33:43.293,2026-09-03 11:08:47.747
1669,Roelof van der Merwe,Bowler,Right Handed Bat,Left-arm orthodox,Netherlands,573.0,2026-09-02 11:34:11.773,2026-09-03 11:08:51.043
2239,Dean Elgar,Batsman,Left Handed Bat,Left-arm orthodox,South Africa,152.0,2026-09-02 11:35:00.837,2026-09-03 11:08:53.547
2250,Steven Smith,Batsman,Right Handed Bat,Right-arm legbreak,Australia,4.0,2026-09-02 11:33:50.807,2026-09-03 11:08:56.143
2269,Ben Brown,WK-Batsman,Right Handed Bat,,England,153.0,2026-09-02 11:35:04.790,2026-09-03 11:08:59.173
2276,Sunil Narine,Bowling Allrounder,Left Handed Bat,Right-arm offbreak,West Indies,271.0,2026-09-02 11:30:51.730,2026-09-03 11:09:02.333
3007,Mohammad Nabi,,,,,159.0,2026-09-02 11:30:51.710,2026-09-03 10:56:59.970
6258,Josh Hazlewood,,,,,4.0,2026-09-02 11:36:06.183,2026-09-03 11:00:04.370
6322,Harpreet Singh Bhatia,,,,,7.0,2026-09-02 11:33:32.040,2026-09-03 10:57:16.427
6327,Jaydev Unadkat,,,,,41.0,2026-09-02 11:35:07.063,2026-09-03 10:59:14.823
6329,George Dockrell,,,,,576.0,2026-09-02 11:33:43.293,2026-09-03 10:59:25.560
6349,David Miller,,,,,577.0,2026-09-02 11:33:50.857,2026-09-03 10:57:42.100
6507,Jonny Bairstow,,,,,146.0,2026-09-02 11:35:02.863,2026-09-03 10:59:09.723
6509,Oliver Hannon-Dalby,,,,,140.0,2026-09-02 11:34:58.773,2026-09-03 10:59:05.433
6511,Adam Lyth,,,,,146.0,2026-09-02 11:35:02.850,2026-09-03 10:59:09.650
6513,Ben Sanderson,,,,,142.0,2026-09-02 11:35:11.667,2026-09-03 10:59:19.067
6528,Tom Westley,,,,,152.0,2026-09-02 11:35:00.840,2026-09-03 10:59:07.853
6531,Laurie Evans,,,,,574.0,2026-09-02 11:33:43.343,2026-09-03 10:58:58.570
6532,Chris Jordan,,,,,577.0,2026-09-02 11:33:50.840,2026-09-03 10:59:25.640
6534,Jason Roy,,,,,575.0,2026-09-02 11:34:21.953,2026-09-03 10:58:58.283
6536,Rory Burns,,,,,148.0,2026-09-02 11:35:00.800,2026-09-03 10:59:07.670
6557,Ben Stokes,,,,,141.0,2026-09-02 11:35:15.670,2026-09-03 10:59:23.487
6642,James Vince,,,,,576.0,2026-09-02 11:33:43.277,2026-09-03 10:58:23.990
6647,Chris Wood,,,,,576.0,2026-09-02 11:33:43.297,2026-09-03 10:59:25.580
6651,Sam Robson,,,,,74.0,2026-09-02 11:35:09.633,2026-09-03 10:59:16.830
6653,John Simpson,,,,,41.0,2026-09-02 11:35:07.117,2026-09-03 10:59:14.780
6657,Josh Davey,,,,,145.0,2026-09-02 11:35:02.877,2026-09-03 10:59:10.007
6662,Toby Roland-Jones,,,,,74.0,2026-09-02 11:35:09.620,2026-09-03 10:59:17.073
6667,Imran Tahir,,,,,159.0,2026-09-02 11:30:51.723,2026-09-03 10:56:59.987
6692,Moeen Ali,,,,,1978.0,2026-09-02 11:35:45.627,2026-09-03 10:59:49.520
6725,Luke Procter,,,,,142.0,2026-09-02 11:35:11.673,2026-09-03 10:59:18.990
6734,Alex Hales,,,,,271.0,2026-09-02 11:30:51.777,2026-09-03 10:58:31.080
6808,Wayne Madsen,,,,,144.0,2026-09-02 11:35:09.603,2026-09-03 10:59:16.993
6834,David Payne,,,,,572.0,2026-09-02 11:33:50.830,2026-09-03 10:59:38.340
7662,Glenn Maxwell,,,,,577.0,2026-09-02 11:33:50.850,2026-09-03 10:59:25.363
7664,Colin Ingram,,,,,149.0,2026-09-02 11:35:04.833,2026-09-03 10:59:12.283
7668,JJ Smuts,,,,,574.0,2026-09-02 11:33:43.313,2026-09-03 10:58:58.543
7710,Mitchell Starc,,,,,4.0,2026-09-02 11:36:06.170,2026-09-03 11:00:04.357
7776,Marcus Harris,,,,,143.0,2026-09-02 11:35:13.697,2026-09-03 10:59:21.053
7801,Timm van der Gugten,,,,,149.0,2026-09-02 11:35:04.803,2026-09-03 10:59:12.330
7825,Faf du Plessis,,,,,573.0,2026-09-02 11:34:11.787,2026-09-03 10:59:38.250
7850,Nathan Lyon,,,,,4.0,2026-09-02 11:36:06.400,2026-09-03 11:00:04.393
7854,Lewis Gregory,,,,,119.0,2026-09-02 11:35:07.057,2026-09-03 10:59:14.833
7856,Daniel Bell-Drummond,,,,,150.0,2026-09-02 11:35:11.650,2026-09-03 10:59:18.800
7859,Ben Foakes,,,,,148.0,2026-09-02 11:35:00.810,2026-09-03 10:59:07.713
7872,Dhananjaya de Silva,,,,,5.0,2026-09-02 11:35:56.263,2026-09-03 10:59:57.093
7884,Niroshan Dickwella,,,,,5.0,2026-09-02 11:35:56.440,2026-09-03 10:59:57.113
7909,Mohammed Shami,,,,,235.0,2026-09-02 11:33:58.500,2026-09-03 10:59:59.353
7910,Yuzvendra Chahal,,,,,142.0,2026-09-02 11:35:11.673,2026-09-03 10:59:19.077
7949,Brett DOliveira,,,,,147.0,2026-09-02 11:35:13.730,2026-09-03 10:59:20.893
7958,Chris Cooke,,,,,149.0,2026-09-02 11:35:04.837,2026-09-03 10:59:12.310
7973,Gerhard Erasmus,,,,,161.0,2026-09-02 11:33:25.923,2026-09-03 10:58:45.427
7996,Sam Northeast,,,,,150.0,2026-09-02 11:35:11.647,2026-09-03 10:59:18.773
8004,James Fuller,,,,,153.0,2026-09-02 11:35:04.797,2026-09-03 10:59:12.130
8019,Joe Root,,,,,9.0,2026-09-02 11:34:56.403,2026-09-03 10:59:03.197
8022,Olly Stone,,,,,139.0,2026-09-02 11:34:58.767,2026-09-03 10:59:05.443
8085,Colin Munro,,,,,271.0,2026-09-02 11:30:51.750,2026-09-03 10:59:31.900
8095,Pat Cummins,,,,,4.0,2026-09-02 11:36:06.213,2026-09-03 11:00:04.380
8101,Johnson Charles,,,,,302.0,2026-09-02 11:34:50.280,2026-09-03 10:58:56.490
8117,Trent Boult,,,,,574.0,2026-09-02 11:33:43.303,2026-09-03 10:58:58.610
8204,Vijay Shankar,,,,,576.0,2026-09-02 11:35:18.033,2026-09-03 10:59:25.543
8219,Mominul Haque,,,,,6.0,2026-09-02 11:36:05.947,2026-09-03 11:00:04.277
8253,Taijul Islam,,,,,6.0,2026-09-02 11:36:06.130,2026-09-03 11:00:04.330
8313,Jason Holder,,,,,302.0,2026-09-02 11:34:50.270,2026-09-03 10:58:56.553
8345,Alex Lees,,,,,141.0,2026-09-02 11:35:15.673,2026-09-03 10:59:23.450
8351,Akshdeep Nath,,,,,7.0,2026-09-02 11:33:32.047,2026-09-03 10:57:16.907
8359,Babar Azam,,,,,3.0,2026-09-02 11:34:56.433,2026-09-03 10:59:03.343
8364,Imam-ul-Haq,,,,,3.0,2026-09-02 11:34:56.500,2026-09-03 10:59:03.407
8366,Mir Hamza,,,,,149.0,2026-09-02 11:35:04.807,2026-09-03 10:59:12.337
8422,Dasun Shanaka,,,,,302.0,2026-09-02 11:34:50.303,2026-09-03 10:58:56.567
8431,John Campbell,,,,,263.0,2026-09-02 11:35:23.540,2026-09-03 10:59:31.553
8433,Justin Greaves,,,,,271.0,2026-09-02 11:30:51.740,2026-09-03 10:56:59.763
8435,Akeal Hosein,,,,,271.0,2026-09-02 11:30:51.727,2026-09-03 10:59:32.107
8440,Kyle Mayers,,,,,302.0,2026-09-02 11:34:50.283,2026-09-03 10:58:56.503
8454,Ryan Burl,,,,,12.0,2026-09-02 11:33:25.820,2026-09-03 10:58:19.780
8460,Wellington Masakadza,,,,,12.0,2026-09-02 11:33:25.863,2026-09-03 10:57:08.473
8489,Cameron Bancroft,,,,,151.0,2026-09-02 11:35:15.640,2026-09-03 10:59:23.257
8495,Sam Hain,,,,,140.0,2026-09-02 11:34:58.857,2026-09-03 10:59:05.370
8497,Travis Head,,,,,4.0,2026-09-02 11:36:06.230,2026-09-03 11:00:04.097
8499,Alex Davies,,,,,140.0,2026-09-02 11:34:58.873,2026-09-03 10:59:05.397
8502,Ben Duckett,,,,,9.0,2026-09-02 11:34:56.397,2026-09-03 10:59:03.170
8511,Craig Overton,,,,,119.0,2026-09-02 11:35:07.053,2026-09-03 10:59:14.843
8520,Quinton de Kock,,,,,262.0,2026-09-02 11:34:28.333,2026-09-03 10:59:49.703
8522,Jan Frylinck,,,,,161.0,2026-09-02 11:33:25.940,2026-09-03 10:58:45.103
8530,Prenelan Subrayen,,,,,11.0,2026-09-02 11:34:17.553,2026-09-03 10:58:45.410
8540,Litton Das,,,,,6.0,2026-09-02 11:36:06.050,2026-09-03 11:00:04.303
8548,Taskin Ahmed,,,,,6.0,2026-09-02 11:36:06.133,2026-09-03 11:00:04.340
8549,Will Young,,,,,140.0,2026-09-02 11:34:58.813,2026-09-03 10:59:05.353
8567,Zafar Gohar,,,,,74.0,2026-09-02 11:35:09.660,2026-09-03 10:59:17.123
8578,Jack Leach,,,,,119.0,2026-09-02 11:35:07.063,2026-09-03 10:59:14.633
8589,David Wiese,,,,,573.0,2026-09-02 11:34:11.767,2026-09-03 10:59:38.297
8630,Sam Whiteman,,,,,146.0,2026-09-02 11:35:02.857,2026-09-03 10:59:09.680
8632,Ian Holland,,,,,145.0,2026-09-02 11:35:02.877,2026-09-03 10:59:10.000
8640,Daniel Hughes,,,,,41.0,2026-09-02 11:35:07.080,2026-09-03 10:59:14.733
8646,Beau Webster,,,,,4.0,2026-09-02 11:36:06.220,2026-09-03 11:00:04.150
8648,Daniel Worrall,,,,,148.0,2026-09-02 11:35:00.820,2026-09-03 10:59:07.760
8651,Dwaine Pretorius,,,,,159.0,2026-09-02 11:30:51.720,2026-09-03 10:56:59.920
8683,Shardul Thakur,,,,,234.0,2026-09-02 11:36:02.970,2026-09-03 11:00:02.060
8733,KL Rahul,,,,,2.0,2026-09-02 11:35:56.050,2026-09-03 10:59:56.650
9082,Harmanpreet Kaur,,,,,97.0,2026-09-02 11:33:39.190,2026-09-03 10:57:27.100
9149,Chamari Athapaththu,,,,,258.0,2026-09-02 11:34:09.727,2026-09-03 10:58:11.270
9200,Alex Carey,,,,,4.0,2026-09-02 11:36:06.290,2026-09-03 11:00:04.140
9203,Kyle Abbott,,,,,153.0,2026-09-02 11:35:04.800,2026-09-03 10:59:12.347
9313,Dominic Sibley,,,,,148.0,2026-09-02 11:35:00.803,2026-09-03 10:59:07.677
9320,Nick Gubbins,,,,,153.0,2026-09-02 11:35:04.783,2026-09-03 10:59:12.077
9321,Tom Helm,,,,,74.0,2026-09-02 11:35:09.627,2026-09-03 10:59:17.110
9330,Keaton Jennings,,,,,143.0,2026-09-02 11:35:13.690,2026-09-03 10:59:21.023
9334,Tom Bailey,,,,,143.0,2026-09-02 11:35:13.710,2026-09-03 10:59:21.097
9354,Sikandar Raza,,,,,12.0,2026-09-02 11:33:25.800,2026-09-03 10:58:20.060
9357,Paul van Meekeren,,,,,575.0,2026-09-02 11:34:22.023,2026-09-03 10:58:58.650
9362,Will Rhodes,,,,,141.0,2026-09-02 11:35:15.670,2026-09-03 10:59:23.467
9365,Matthew Cross,,,,,575.0,2026-09-02 11:34:22.000,2026-09-03 10:58:58.300
9383,Michael Leask,,,,,575.0,2026-09-02 11:34:22.000,2026-09-03 10:58:58.700
9389,Miles Hammond,,,,,151.0,2026-09-02 11:35:15.650,2026-09-03 10:59:23.283
9390,Ben Coad,,,,,146.0,2026-09-02 11:35:02.870,2026-09-03 10:59:10.043
9392,Matthew Fisher,,,,,148.0,2026-09-02 11:35:00.817,2026-09-03 10:59:07.703
9394,Rahkeem Cornwall,,,,,1978.0,2026-09-02 11:35:45.523,2026-09-03 10:59:49.797
9406,Nicholas Pooran,,,,,271.0,2026-09-02 11:30:51.773,2026-09-03 10:59:31.990
9425,Ricky Bhui,,,,,236.0,2026-09-02 11:34:01.457,2026-09-03 10:58:00.290
9443,Tim Seifert,,,,,263.0,2026-09-02 11:35:23.467,2026-09-03 10:59:31.470
9453,Ben McDermott,,,,,573.0,2026-09-02 11:34:11.790,2026-09-03 10:59:38.260
9468,Mohammad Rizwan,,,,,3.0,2026-09-02 11:34:56.440,2026-09-03 10:59:03.363
9507,Pankaj Jaswal,,,,,2645.0,2026-09-02 11:34:35.943,2026-09-03 10:59:52.027
9522,Tom Curran,,,,,574.0,2026-09-02 11:33:43.307,2026-09-03 10:58:58.590
9531,Ollie Robinson,,,,,9.0,2026-09-02 11:34:56.413,2026-09-03 10:59:03.417
9540,Simon Harmer,,,,,152.0,2026-09-02 11:35:00.833,2026-09-03 10:59:07.807
9545,Shan Masood,,,,,3.0,2026-09-02 11:34:56.430,2026-09-03 10:59:03.317
9546,Jonathan Tattersall,,,,,145.0,2026-09-02 11:35:02.910,2026-09-03 10:59:09.990
9551,Michael Bracewell,,,,,572.0,2026-09-02 11:35:31.243,2026-09-03 10:59:38.410
9603,Lungi Ngidi,,,,,575.0,2026-09-02 11:34:22.050,2026-09-03 10:58:58.677
9700,Rongsen Jonathan,,,,,1146.0,2026-09-02 11:35:59.417,2026-09-03 10:59:59.290
9706,Obus Pienaar,,,,,263.0,2026-09-02 11:35:23.563,2026-09-03 10:59:31.590
9715,Navdeep Saini,,,,,2631.0,2026-09-02 11:35:27.970,2026-09-03 10:59:36.403
9716,Abhimanyu Easwaran,,,,,235.0,2026-09-02 11:33:58.517,2026-09-03 10:59:58.847
9720,Keshav Maharaj,,,,,575.0,2026-09-02 11:34:22.020,2026-09-03 10:58:58.663
9725,Colin Ackermann,,,,,141.0,2026-09-02 11:35:15.713,2026-09-03 10:59:23.503
9746,Shreyas Gopal,,,,,236.0,2026-09-02 11:34:01.447,2026-09-03 10:58:00.343
9748,Saurabh Netravalkar,,,,,577.0,2026-09-02 11:34:11.763,2026-09-03 10:59:25.617
9789,Shimron Hetmyer,,,,,159.0,2026-09-02 11:30:51.707,2026-09-03 10:56:59.177
9793,Gudakesh Motie,,,,,262.0,2026-09-02 11:34:28.343,2026-09-03 10:59:49.750
9812,Saud Shakeel,,,,,3.0,2026-09-02 11:34:56.437,2026-09-03 10:59:03.353
9814,Ed Barnard,,,,,140.0,2026-09-02 11:34:58.777,2026-09-03 10:59:05.390
9815,Joe Clarke,,,,,139.0,2026-09-02 11:34:58.753,2026-09-03 10:59:05.163
9816,Ryan Higgins,,,,,74.0,2026-09-02 11:35:09.623,2026-09-03 10:59:17.100
9819,Joshua Shaw,,,,,119.0,2026-09-02 11:35:07.060,2026-09-03 10:59:14.643
9838,Devon Conway,,,,,577.0,2026-09-02 11:34:11.743,2026-09-03 10:59:25.323
9864,Najmul Hossain Shanto,,,,,6.0,2026-09-02 11:36:05.977,2026-09-03 11:00:04.283
9868,Shadman Islam,,,,,6.0,2026-09-02 11:36:05.890,2026-09-03 11:00:04.267
9870,Zakir Hasan,,,,,288.0,2026-09-02 11:35:52.353,2026-09-03 10:59:54.683
9885,JJ Smit,,,,,161.0,2026-09-02 11:33:25.920,2026-09-03 10:58:45.463
9890,Zane Green,,,,,161.0,2026-09-02 11:33:25.997,2026-09-03 10:58:45.143
9928,Mark Watt,,,,,574.0,2026-09-02 11:33:43.307,2026-09-03 10:58:58.620
9954,Shivam Sharma,,,,,2631.0,2026-09-02 11:35:27.960,2026-09-03 10:59:36.450
9975,Aizaz Khan,,,,,8.0,2026-09-02 11:34:06.027,2026-09-03 10:58:06.003
9976,Mark Chapman,,,,,577.0,2026-09-02 11:33:50.847,2026-09-03 10:59:25.350
9979,Babar Hayat,,,,,8.0,2026-09-02 11:34:06.013,2026-09-03 10:58:05.463
9981,Kinchit Shah,,,,,8.0,2026-09-02 11:34:06.017,2026-09-03 10:58:06.040
9983,Logan van Beek,,,,,573.0,2026-09-02 11:35:31.257,2026-09-03 10:59:38.313
10006,Nilakshika Silva,,,,,258.0,2026-09-02 11:34:09.770,2026-09-03 10:58:11.323
10012,Smriti Mandhana,,,,,97.0,2026-09-02 11:33:39.183,2026-09-03 10:57:27.053
10019,Tom Abell,,,,,119.0,2026-09-02 11:35:07.050,2026-09-03 10:59:14.587
10020,Graham Clark,,,,,141.0,2026-09-02 11:35:15.710,2026-09-03 10:59:23.493
10030,Tom Taylor,,,,,147.0,2026-09-02 11:35:13.713,2026-09-03 10:59:21.143
10031,Lewis McManus,,,,,142.0,2026-09-02 11:35:11.747,2026-09-03 10:59:19.050
10035,Anshuman Rath,,,,,8.0,2026-09-02 11:34:06.010,2026-09-03 10:58:06.060
10045,Liam Livingstone,,,,,575.0,2026-09-02 11:34:21.973,2026-09-03 10:58:58.690
10055,Matt Renshaw,,,,,4.0,2026-09-02 11:36:06.230,2026-09-03 11:00:04.107
10100,Mitchell Santner,,,,,574.0,2026-09-02 11:33:43.313,2026-09-03 10:58:58.580
10102,Jamie Porter,,,,,152.0,2026-09-02 11:35:00.823,2026-09-03 10:59:07.780
10103,George Munsey,,,,,575.0,2026-09-02 11:34:21.920,2026-09-03 10:58:58.267
10104,Jake Libby,,,,,147.0,2026-09-02 11:35:13.727,2026-09-03 10:59:20.867
10162,Chris Green,,,,,262.0,2026-09-02 11:34:28.340,2026-09-03 10:59:49.740
10163,Jake Lehmann,,,,,153.0,2026-09-02 11:35:04.787,2026-09-03 10:59:12.097
10182,Marnus Labuschagne,,,,,4.0,2026-09-02 11:36:06.233,2026-09-03 11:00:04.113
10203,Karan KC,,,,,72.0,2026-09-02 11:33:33.897,2026-09-03 10:57:19.997
10209,Heinrich Klaasen,,,,,573.0,2026-09-02 11:34:11.790,2026-09-03 10:59:38.270
10213,Virat Singh,,,,,235.0,2026-09-02 11:33:58.530,2026-09-03 10:59:58.903
10226,Shahrukh Khan,,,,,368.0,2026-09-02 11:34:34.077,2026-09-03 10:59:34.050
10237,Arpit Subash Bhatewara,,,,,1146.0,2026-09-02 11:35:59.513,2026-09-03 10:59:59.260
10252,Abhijit K Sarkar,,,,,235.0,2026-09-02 11:33:58.507,2026-09-03 10:59:59.377
10256,Balchander Anirudh,,,,,369.0,2026-09-02 11:34:34.117,2026-09-03 10:58:37.723
10276,Ishan Kishan,,,,,235.0,2026-09-02 11:33:58.533,2026-09-03 10:59:58.917
10285,Saransh Jain,,,,,2.0,2026-09-02 11:33:58.490,2026-09-03 10:59:57.200
10315,MD Nidheesh,,,,,236.0,2026-09-02 11:34:01.437,2026-09-03 10:58:00.380
10363,Antony Dhas,,,,,410.0,2026-09-02 11:35:26.153,2026-09-03 10:59:34.367
10373,Pranshu Vijayran,,,,,2590.0,2026-09-02 11:33:37.160,2026-09-03 10:59:45.227
10384,Shai Hope,,,,,159.0,2026-09-02 11:30:51.707,2026-09-03 10:56:59.120
10385,Dan Lawrence,,,,,9.0,2026-09-02 11:34:56.407,2026-09-03 10:59:03.463
10387,Matthew Critchley,,,,,152.0,2026-09-02 11:35:00.847,2026-09-03 10:59:07.830
10393,Haseeb Hameed,,,,,139.0,2026-09-02 11:34:58.747,2026-09-03 10:59:05.137
10395,Matthew Parkinson,,,,,150.0,2026-09-02 11:35:11.663,2026-09-03 10:59:19.110
10400,Saif Zaib,,,,,142.0,2026-09-02 11:35:11.727,2026-09-03 10:59:19.023
10424,Max O'Dowd,,,,,572.0,2026-09-02 11:35:31.203,2026-09-03 10:59:37.987
10435,Mason Crane,,,,,149.0,2026-09-02 11:35:04.853,2026-09-03 10:59:12.257
10440,Sean Dickson,,,,,149.0,2026-09-02 11:35:04.837,2026-09-03 10:59:12.300
10441,Matthew Waite,,,,,147.0,2026-09-02 11:35:13.720,2026-09-03 10:59:20.920
10444,Adam Hose,,,,,147.0,2026-09-02 11:35:13.730,2026-09-03 10:59:20.883
10448,Max Holden,,,,,74.0,2026-09-02 11:35:09.640,2026-09-03 10:59:16.850
10449,Mark Adair,,,,,577.0,2026-09-02 11:33:50.837,2026-09-03 10:59:25.607
10453,Jatinder Singh,,,,,304.0,2026-09-02 11:34:03.860,2026-09-03 10:58:02.907
10477,Richard Gleeson,,,,,572.0,2026-09-02 11:33:50.833,2026-09-03 10:59:38.353
10551,Prasidh Krishna,,,,,2.0,2026-09-02 11:35:56.143,2026-09-03 10:59:57.163
10636,Rajat Patidar,,,,,237.0,2026-09-02 11:33:58.480,2026-09-03 10:57:57.267
10674,Jagatheesan Kousik,,,,,410.0,2026-09-02 11:35:26.217,2026-09-03 10:59:34.330
10676,Bjorn Fortuin,,,,,11.0,2026-09-02 11:34:17.560,2026-09-03 10:58:45.390
10679,Tshepo Lebohang Moreki,,,,,268.0,2026-09-02 11:33:52.827,2026-09-03 10:59:54.787
10687,Tshepang Dithole,,,,,268.0,2026-09-02 11:33:52.807,2026-09-03 10:59:54.467
10693,Glenn Phillips,,,,,159.0,2026-09-02 11:30:51.653,2026-09-03 10:56:58.927
10694,Henry Nicholls,,,,,119.0,2026-09-02 11:35:07.047,2026-09-03 10:59:14.580
10713,Daryl Mitchell,,,,,576.0,2026-09-02 11:33:43.287,2026-09-03 10:59:25.533
10744,Rishabh Pant,,,,,2.0,2026-09-02 11:35:56.093,2026-09-03 10:59:56.690
10745,Nick Kelly,,,,,145.0,2026-09-02 11:35:02.910,2026-09-03 10:59:09.980
10754,Mukesh Kumar,,,,,235.0,2026-09-02 11:33:58.503,2026-09-03 10:59:59.363
10769,Bernard Scholtz,,,,,161.0,2026-09-02 11:33:25.890,2026-09-03 10:58:45.487
10798,Tshepo Ntuli,,,,,268.0,2026-09-02 11:33:52.827,2026-09-03 10:59:54.547
10808,Mohammed Siraj,,,,,2.0,2026-09-02 11:35:56.137,2026-09-03 10:59:57.177
10893,Samarth Singh,,,,,2620.0,2026-09-02 11:33:37.133,2026-09-03 10:59:45.117
10896,Rinku Singh,,,,,237.0,2026-09-02 11:33:58.483,2026-09-03 10:57:57.293
10913,Ankit Dabas,,,,,2590.0,2026-09-02 11:33:37.157,2026-09-03 10:59:45.237
10916,Jafar Jamal,,,,,410.0,2026-09-02 11:35:26.243,2026-09-03 10:59:34.350
10923,George Bartlett,,,,,142.0,2026-09-02 11:35:11.743,2026-09-03 10:59:19.040
10926,Wanindu Hasaranga,,,,,302.0,2026-09-02 11:34:50.273,2026-09-03 10:58:56.577
10928,Lahiru Kumara,,,,,5.0,2026-09-02 11:30:51.730,2026-09-03 10:59:57.143
10934,Charith Asalanka,,,,,263.0,2026-09-02 11:35:23.563,2026-09-03 10:59:32.230
10938,Asitha Fernando,,,,,5.0,2026-09-02 11:35:56.170,2026-09-03 10:59:57.153
10940,Kamindu Mendis,,,,,5.0,2026-09-02 11:35:56.387,2026-09-03 10:59:57.083
10947,Anmolpreet Singh,,,,,3601.0,2026-09-02 11:33:23.507,2026-09-03 10:57:29.907
10954,Mahipal Lomror,,,,,148.0,2026-09-02 11:35:00.810,2026-09-03 10:59:07.723
10973,Zubayr Hamza,,,,,268.0,2026-09-02 11:33:52.810,2026-09-03 10:59:54.477
11031,Sohraab Dhaliwal,,,,,3601.0,2026-09-02 11:33:23.517,2026-09-03 10:57:29.967
11038,Anmol Malhotra,,,,,3581.0,2026-09-02 11:33:29.970,2026-09-03 10:57:13.570
11081,Mehidy Hasan Miraz,,,,,6.0,2026-09-02 11:36:06.090,2026-09-03 11:00:04.313
11084,Mohammad Saifuddin,,,,,288.0,2026-09-02 11:33:52.830,2026-09-03 10:57:44.787
11088,Jaker Ali,,,,,288.0,2026-09-02 11:33:52.870,2026-09-03 10:57:44.780
11098,Deepti Sharma,,,,,97.0,2026-09-02 11:33:39.197,2026-09-03 10:57:27.540
11128,Joshua Little,,,,,576.0,2026-09-02 11:33:43.300,2026-09-03 10:59:25.587
11130,Harry Tector,,,,,576.0,2026-09-02 11:33:43.283,2026-09-03 10:59:25.507
11131,Lorcan Tucker,,,,,577.0,2026-09-02 11:33:50.860,2026-09-03 10:59:25.337
11155,Dipendra Singh Airee,,,,,72.0,2026-09-02 11:33:33.907,2026-09-03 10:57:19.960
11158,Sandeep Lamichhane,,,,,72.0,2026-09-02 11:33:33.907,2026-09-03 10:57:20.097
11165,Ishan Pandey,,,,,72.0,2026-09-02 11:33:33.923,2026-09-03 10:57:19.930
11186,Shadab Khan,,,,,1978.0,2026-09-02 11:35:45.627,2026-09-03 10:59:49.820
11196,Tony de Zorzi,,,,,11.0,2026-09-02 11:34:17.617,2026-09-03 10:58:45.357
11208,Lutho Sipamla,,,,,11.0,2026-09-02 11:34:40.773,2026-09-03 10:58:45.420
11209,Kyle Verreynne,,,,,139.0,2026-09-02 11:34:58.757,2026-09-03 10:59:05.190
11211,Jyd Goolie,,,,,271.0,2026-09-02 11:30:51.737,2026-09-03 10:59:32.073
11214,Keemo Paul,,,,,3208.0,2026-09-02 11:34:07.870,2026-09-03 10:58:56.653
11215,Odean Smith,,,,,3208.0,2026-09-02 11:34:07.877,2026-09-03 10:58:56.690
11217,Keacy Carty,,,,,3208.0,2026-09-02 11:34:07.887,2026-09-03 10:58:56.210
11220,Alzarri Joseph,,,,,1978.0,2026-09-02 11:35:45.753,2026-09-03 10:59:49.810
11221,Obed McCoy,,,,,302.0,2026-09-02 11:34:50.277,2026-09-03 10:58:56.610
11223,Shamar Springer,,,,,1978.0,2026-09-02 11:35:45.697,2026-09-03 10:59:49.547
11298,Mohammad Abbas,,,,,3.0,2026-09-02 11:34:56.420,2026-09-03 10:59:03.390
11307,Tushar Deshpande,,,,,234.0,2026-09-02 11:36:02.973,2026-09-03 11:00:02.050
11350,Harshitha Samarawickrama,,,,,258.0,2026-09-02 11:34:09.750,2026-09-03 10:58:11.293
11354,Sugandika Kumari,,,,,258.0,2026-09-02 11:34:09.720,2026-09-03 10:58:11.333
11380,Nahida Akter,,,,,329.0,2026-09-02 11:30:54.443,2026-09-03 10:57:02.767
11385,Fahima Khatun,,,,,329.0,2026-09-02 11:30:54.440,2026-09-03 10:57:02.780
11388,Nigar Sultana,,,,,329.0,2026-09-02 11:30:54.430,2026-09-03 10:57:02.013
11389,Ritu Moni,,,,,329.0,2026-09-02 11:30:54.437,2026-09-03 10:57:02.053
11398,Leus du Plooy,,,,,74.0,2026-09-02 11:35:09.640,2026-09-03 10:59:16.860
11426,Caleb Jewell,,,,,144.0,2026-09-02 11:35:09.600,2026-09-03 10:59:16.977
11427,Anrich Nortje,,,,,573.0,2026-09-02 11:34:11.770,2026-09-03 10:59:38.323
11436,Brydon Carse,,,,,141.0,2026-09-02 11:35:15.667,2026-09-03 10:59:23.523
11445,Rovman Powell,,,,,3208.0,2026-09-02 11:34:07.907,2026-09-03 10:58:56.280
11450,Ali Khan,,,,,575.0,2026-09-02 11:34:22.037,2026-09-03 10:58:58.640
11479,Shahid Wasif,,,,,8.0,2026-09-02 11:34:06.023,2026-09-03 10:58:05.547
11485,Ehsan Khan,,,,,8.0,2026-09-02 11:34:06.027,2026-09-03 10:58:05.980
11498,Prabath Jayasuriya,,,,,5.0,2026-09-02 11:35:56.213,2026-09-03 10:59:57.133
11527,Paul Walter,,,,,152.0,2026-09-02 11:35:00.840,2026-09-03 10:59:07.863
11534,Dominic Bess,,,,,146.0,2026-09-02 11:35:02.867,2026-09-03 10:59:09.750
11540,Jofra Archer,,,,,9.0,2026-09-02 11:34:56.417,2026-09-03 10:59:03.430
11541,Shane Snater,,,,,152.0,2026-09-02 11:35:00.827,2026-09-03 10:59:07.817
11543,Roston Chase,,,,,263.0,2026-09-02 11:35:23.570,2026-09-03 10:59:32.290
11595,Ravisrinivasan Sai Kishore,,,,,151.0,2026-09-02 11:35:15.660,2026-09-03 10:59:23.330
11613,V Athisayaraj Davidson,,,,,410.0,2026-09-02 11:35:26.090,2026-09-03 10:59:34.393
11622,NS Chaturved,,,,,369.0,2026-09-02 11:34:34.110,2026-09-03 10:58:37.700
11631,Sanjay Yadav,,,,,410.0,2026-09-02 11:35:26.183,2026-09-03 10:59:34.340
11648,Shoaib Md Khan,,,,,369.0,2026-09-02 11:34:34.100,2026-09-03 10:58:37.737
11649,R Rajkumar,,,,,410.0,2026-09-02 11:35:26.183,2026-09-03 10:59:34.357
11675,Narayan Jagadeesan,,,,,236.0,2026-09-02 11:34:01.460,2026-09-03 10:58:00.297
11678,S Shyam Sundar,,,,,410.0,2026-09-02 11:35:26.203,2026-09-03 10:59:34.310
11684,Ashwani Kumar,,,,,3571.0,2026-09-02 11:30:45.480,2026-09-03 10:57:05.497
11691,Ollie Pope,,,,,148.0,2026-09-02 11:35:00.813,2026-09-03 10:59:07.697
11694,Tom Haines,,,,,41.0,2026-09-02 11:35:07.083,2026-09-03 10:59:14.743
11695,Kiran Carlson,,,,,149.0,2026-09-02 11:35:04.830,2026-09-03 10:59:12.267
11750,James Bracey,,,,,151.0,2026-09-02 11:35:15.650,2026-09-03 10:59:23.293
11808,Shubman Gill,,,,,2.0,2026-09-02 11:35:56.090,2026-09-03 10:59:57.227
11813,Ruturaj Gaikwad,,,,,234.0,2026-09-02 11:36:03.000,2026-09-03 11:00:02.000
11934,Naruemol Chaiwai,,,,,382.0,2026-09-02 11:34:30.290,2026-09-03 10:58:33.090
11935,Suleeporn Laomi,,,,,382.0,2026-09-02 11:33:39.233,2026-09-03 10:58:33.447
11936,Nattakan Chantam,,,,,382.0,2026-09-02 11:33:39.240,2026-09-03 10:57:27.353
11938,Chanida Sutthiruang,,,,,382.0,2026-09-02 11:33:39.240,2026-09-03 10:58:33.100
11942,Nannapat Koncharoenkai,,,,,382.0,2026-09-02 11:33:39.263,2026-09-03 10:58:33.077
11959,Andries Gous,,,,,574.0,2026-09-02 11:33:43.337,2026-09-03 10:58:58.553
11984,Afif Hossain,,,,,288.0,2026-09-02 11:33:52.840,2026-09-03 10:59:54.693
12071,Mujeeb Ur Rahman,,,,,262.0,2026-09-02 11:34:28.350,2026-09-03 10:59:49.767
12081,Nayeem Hasan,,,,,288.0,2026-09-02 11:33:52.840,2026-09-03 10:59:54.713
12086,Abhishek Sharma,,,,,3567.0,2026-09-02 11:33:41.127,2026-09-03 10:57:30.047
12087,Rahul Chahar,,,,,148.0,2026-09-02 11:35:00.820,2026-09-03 10:59:07.750
12088,Harvik Desai,,,,,234.0,2026-09-02 11:36:02.980,2026-09-03 11:00:01.973
12094,Prithvi Shaw,,,,,234.0,2026-09-02 11:36:02.980,2026-09-03 11:00:01.967
12096,Yash Thakur,,,,,237.0,2026-09-02 11:33:58.500,2026-09-03 10:57:57.527
12108,Syed Aziz Mubarak,,,,,71.0,2026-09-02 11:30:49.627,2026-09-03 10:56:54.830
12110,Aasif Sheikh,,,,,72.0,2026-09-02 11:33:33.920,2026-09-03 10:57:19.867
12139,Abdullah Shafique,,,,,3.0,2026-09-02 11:34:56.433,2026-09-03 10:59:03.333
12140,Rohit Paudel,,,,,72.0,2026-09-02 11:33:33.927,2026-09-03 10:57:19.940
12163,Virandeep Singh,,,,,71.0,2026-09-02 11:30:49.623,2026-09-03 10:56:54.867
12174,Mahidul Islam Ankon,,,,,288.0,2026-09-02 11:35:52.390,2026-09-03 10:59:54.703
12188,Marques Ackerman,,,,,268.0,2026-09-02 11:33:52.813,2026-09-03 10:59:54.487
12195,Saifullah Malik,,,,,71.0,2026-09-02 11:30:49.613,2026-09-03 10:56:54.277
12201,Harry Brook,,,,,9.0,2026-09-02 11:34:56.407,2026-09-03 10:59:03.207
12223,Kyle Simmonds,,,,,268.0,2026-09-02 11:33:52.820,2026-09-03 10:57:45.000
12225,Cameron Green,,,,,4.0,2026-09-02 11:36:06.263,2026-09-03 11:00:04.133
12259,Liam Patterson-White,,,,,139.0,2026-09-02 11:34:58.760,2026-09-03 10:59:05.490
12293,Sarah Bryce,,,,,389.0,2026-09-02 11:33:27.830,2026-09-03 10:57:11.357
12298,Abtaha Maqsood,,,,,389.0,2026-09-02 11:33:27.783,2026-09-03 10:58:47.727
12335,Tanay Thyagarajan,,,,,236.0,2026-09-02 11:34:01.440,2026-09-03 10:58:00.353
12337,Ramandeep Singh,,,,,3601.0,2026-09-02 11:33:23.510,2026-09-03 10:57:29.940
12341,Mayank Rawat,,,,,2601.0,2026-09-02 11:35:48.610,2026-09-03 10:59:52.143
12344,Anukul Roy,,,,,235.0,2026-09-02 11:33:58.510,2026-09-03 10:59:59.400
12452,Abhijeet Garg,,,,,3591.0,2026-09-02 11:30:45.547,2026-09-03 10:56:52.447
12567,S Radhakrishnan,,,,,368.0,2026-09-02 11:34:34.070,2026-09-03 10:59:33.940
12592,Keith Dudgeon,,,,,150.0,2026-09-02 11:35:11.660,2026-09-03 10:59:19.097
12612,Saqib Zulfiqar,,,,,573.0,2026-09-02 11:34:11.777,2026-09-03 10:59:38.287
12619,Jonty Sidhu,,,,,2620.0,2026-09-02 11:33:37.140,2026-09-03 10:59:45.143
12624,Harsh Tyagi,,,,,2631.0,2026-09-02 11:35:27.963,2026-09-03 10:59:36.417
12626,Suresh Lokeshwar,,,,,368.0,2026-09-02 11:34:34.070,2026-09-03 10:59:33.997
12627,Mayank Markande,,,,,3567.0,2026-09-02 11:33:41.143,2026-09-03 10:57:30.110
12636,Jhathavedh Subramanyan,,,,,368.0,2026-09-02 11:34:34.090,2026-09-03 10:59:34.447
12639,Tejas Baroka,,,,,2620.0,2026-09-02 11:33:37.150,2026-09-03 10:59:45.190
12674,Amir Jangoo,,,,,1978.0,2026-09-02 11:35:45.590,2026-09-03 10:59:49.480
12678,Khary Pierre,,,,,159.0,2026-09-02 11:30:51.720,2026-09-03 10:57:00.023
12724,Josh Bohannon,,,,,143.0,2026-09-02 11:35:13.697,2026-09-03 10:59:21.043
12747,Josh Tongue,,,,,9.0,2026-09-02 11:34:56.417,2026-09-03 10:59:03.440
12770,Zak Crawley,,,,,150.0,2026-09-02 11:35:11.643,2026-09-03 10:59:18.760
12777,Matthew Potts,,,,,141.0,2026-09-02 11:35:15.663,2026-09-03 10:59:23.430
12783,Fred Klaassen,,,,,577.0,2026-09-02 11:33:50.843,2026-09-03 10:59:25.630
12793,Oliver Robinson,,,,,141.0,2026-09-02 11:35:15.713,2026-09-03 10:59:23.440
12927,K Deeban Lingesh,,,,,368.0,2026-09-02 11:34:34.083,2026-09-03 10:59:34.410
12930,Manimaran Siddharth,,,,,368.0,2026-09-02 11:34:34.090,2026-09-03 10:59:34.423
12994,Sam Cook,,,,,152.0,2026-09-02 11:35:00.833,2026-09-03 10:59:07.793
13013,Tom Lammonby,,,,,119.0,2026-09-02 11:35:07.043,2026-09-03 10:59:14.560
13048,Ben Allison,,,,,147.0,2026-09-02 11:35:13.717,2026-09-03 10:59:21.157
13069,Migael Pretorius,,,,,119.0,2026-09-02 11:35:07.060,2026-09-03 10:59:14.867
13088,Devdutt Padikkal,,,,,2.0,2026-09-02 11:35:56.073,2026-09-03 10:59:56.663
13089,Matthew Breetzke,,,,,271.0,2026-09-02 11:35:23.740,2026-09-03 10:59:31.957
13098,Eathan Bosch,,,,,11.0,2026-09-02 11:34:17.503,2026-09-03 10:58:19.993
13111,Kunal Chandela,,,,,237.0,2026-09-02 11:33:58.477,2026-09-03 10:57:57.243
13119,Grant Stewart,,,,,150.0,2026-09-02 11:35:11.657,2026-09-03 10:59:19.120
13135,Anuj Rawat,,,,,2645.0,2026-09-02 11:34:35.980,2026-09-03 10:59:52.007
13138,Abhishek Kumar Yadav,,,,,2620.0,2026-09-02 11:33:37.153,2026-09-03 10:59:45.217
13146,Raghu Sharma,,,,,3561.0,2026-09-02 11:33:29.987,2026-09-03 10:57:13.837
13157,Fraser Sheat,,,,,139.0,2026-09-02 11:34:58.763,2026-09-03 10:59:05.467
13162,Daniel Sams,,,,,262.0,2026-09-02 11:34:28.343,2026-09-03 10:59:49.760
13169,Tim David,,,,,572.0,2026-09-02 11:33:50.810,2026-09-03 10:59:38.047
13184,Mukesh Choudhary,,,,,234.0,2026-09-02 11:36:02.970,2026-09-03 11:00:02.030
13216,Tanush Kotian,,,,,234.0,2026-09-02 11:36:02.950,2026-09-03 11:00:02.040
13217,Arshdeep Singh,,,,,233.0,2026-09-02 11:34:01.433,2026-09-03 11:00:02.080
13223,Towhid Hridoy,,,,,288.0,2026-09-02 11:33:52.850,2026-09-03 10:57:44.763
13226,Hasan Mahmud,,,,,6.0,2026-09-02 11:36:06.127,2026-09-03 11:00:04.320
13242,Vijay Unni,,,,,71.0,2026-09-02 11:30:49.630,2026-09-03 10:56:54.877
13252,Lalit Yadav,,,,,2645.0,2026-09-02 11:34:35.983,2026-09-03 10:59:52.053
13272,Scott Edwards,,,,,572.0,2026-09-02 11:33:50.817,2026-09-03 10:59:38.060
13273,Bas de Leede,,,,,572.0,2026-09-02 11:33:50.813,2026-09-03 10:59:38.400
13276,Ricardo Vasconcelos,,,,,142.0,2026-09-02 11:35:11.680,2026-09-03 10:59:18.980
13281,Mohammad Naim,,,,,288.0,2026-09-02 11:33:52.847,2026-09-03 10:59:54.663
13316,Blessing Muzarabani,,,,,12.0,2026-09-02 11:33:25.890,2026-09-03 10:58:20.050
13320,Gerald Coetzee,,,,,268.0,2026-09-02 11:35:52.637,2026-09-03 10:59:54.810
13327,Ethan Bamber,,,,,140.0,2026-09-02 11:34:58.770,2026-09-03 10:59:05.423
13329,Luke Hollman,,,,,74.0,2026-09-02 11:35:09.637,2026-09-03 10:59:16.840
13330,Dillon Pennington,,,,,139.0,2026-09-02 11:34:58.767,2026-09-03 10:59:05.453
13333,Tom Scriven,,,,,145.0,2026-09-02 11:35:02.883,2026-09-03 10:59:10.017
13346,Nathan McSweeney,,,,,142.0,2026-09-02 11:35:11.723,2026-09-03 10:59:19.013
13388,Aryan Juyal,,,,,237.0,2026-09-02 11:33:58.470,2026-09-03 10:57:57.260
13415,Dion Myers,,,,,12.0,2026-09-02 11:33:25.797,2026-09-03 10:58:19.753
13438,Jan Nicol Loftie-Eaton,,,,,161.0,2026-09-02 11:33:25.977,2026-09-03 10:58:45.130
13451,Wesley Madhavere,,,,,12.0,2026-09-02 11:33:25.840,2026-09-03 10:58:20.040
13476,Urvil Patel,,,,,234.0,2026-09-02 11:36:03.000,2026-09-03 11:00:02.010
13496,Shams Mulani,,,,,234.0,2026-09-02 11:36:02.973,2026-09-03 11:00:02.020
13509,Sanvir Singh,,,,,3561.0,2026-09-02 11:33:29.980,2026-09-03 10:57:13.790
13537,Kuldip Yadav,,,,,2620.0,2026-09-02 11:34:35.940,2026-09-03 10:58:39.897
13552,Zeeshan Ali,,,,,8.0,2026-09-02 11:34:06.020,2026-09-03 10:58:05.507
13554,Yasim Murtaza,,,,,8.0,2026-09-02 11:34:06.020,2026-09-03 10:58:05.963
13562,Kalhan Challu,,,,,8.0,2026-09-02 11:34:06.013,2026-09-03 10:58:05.440
13613,Liam Guthrie,,,,,142.0,2026-09-02 11:35:11.670,2026-09-03 10:59:19.060
13626,Lalit Rajbanshi,,,,,72.0,2026-09-02 11:33:33.903,2026-09-03 10:57:20.057
13646,Romario Shepherd,,,,,159.0,2026-09-02 11:30:51.713,2026-09-03 10:56:59.957
13665,Kavisha Dilhari,,,,,258.0,2026-09-02 11:34:09.730,2026-09-03 10:58:11.303
13667,Sinethemba Qeshile,,,,,268.0,2026-09-02 11:33:52.813,2026-09-03 10:59:54.497
13678,Matt Milnes,,,,,150.0,2026-09-02 11:35:11.663,2026-09-03 10:59:19.087
13681,Gus Atkinson,,,,,9.0,2026-09-02 11:34:56.410,2026-09-03 10:59:03.453
13711,Sobhana Mostary,,,,,329.0,2026-09-02 11:30:54.427,2026-09-03 10:57:01.990
13721,Onnicha Kamchomphu,,,,,382.0,2026-09-02 11:33:39.233,2026-09-03 10:58:33.437
13748,Sherfane Rutherford,,,,,262.0,2026-09-02 11:34:28.340,2026-09-03 10:59:49.730
13750,Dominic Drakes,,,,,271.0,2026-09-02 11:30:51.740,2026-09-03 10:59:32.087
13761,Babette de Leede,,,,,188.0,2026-09-02 11:33:27.737,2026-09-03 10:58:47.440
13770,Robine Rijke,,,,,188.0,2026-09-02 11:34:42.670,2026-09-03 10:58:47.790
13771,Silver Siegers,,,,,188.0,2026-09-02 11:33:27.770,2026-09-03 10:58:47.840
13777,Jordan Thompson,,,,,140.0,2026-09-02 11:34:58.780,2026-09-03 10:59:05.407
13779,Daniel Douthwaite,,,,,149.0,2026-09-02 11:35:04.810,2026-09-03 10:59:12.320
13781,Zain-ul-Hassan,,,,,149.0,2026-09-02 11:35:04.810,2026-09-03 10:59:12.293
13791,Shoriful Islam,,,,,6.0,2026-09-02 11:36:06.163,2026-09-03 11:00:04.350
13800,Michael Pepper,,,,,152.0,2026-09-02 11:35:00.847,2026-09-03 10:59:07.547
13810,Jamie Smith,,,,,9.0,2026-09-02 11:34:56.410,2026-09-03 10:59:03.223
13816,Esha Oza,,,,,449.0,2026-09-02 11:34:09.693,2026-09-03 10:58:11.393
13817,Heena Hotchandani,,,,,449.0,2026-09-02 11:34:09.700,2026-09-03 10:58:11.043
13824,Anuj Dal,,,,,144.0,2026-09-02 11:35:09.610,2026-09-03 10:59:17.023
13857,P Saravana Kumar,,,,,410.0,2026-09-02 11:35:26.130,2026-09-03 10:59:34.377
13872,Jayaraman Suresh Kumar,,,,,410.0,2026-09-02 11:35:26.190,2026-09-03 10:59:34.300
13881,R Divakar,,,,,368.0,2026-09-02 11:35:26.367,2026-09-03 10:59:34.437
13884,Pasindu Sooriyabandara,,,,,5.0,2026-09-02 11:35:56.367,2026-09-03 10:59:57.073
13886,Kamil Mishara,,,,,5.0,2026-09-02 11:35:56.267,2026-09-03 10:59:57.063
13907,Ayush Badoni,,,,,233.0,2026-09-02 11:34:01.413,2026-09-03 11:00:01.823
13912,Yash Rathod,,,,,237.0,2026-09-02 11:33:58.480,2026-09-03 10:57:57.287
13930,Sonal Dinusha,,,,,5.0,2026-09-02 11:35:56.243,2026-09-03 10:59:57.103
13933,Rishi Patel,,,,,145.0,2026-09-02 11:35:02.890,2026-09-03 10:59:09.940
13940,Yashasvi Jaiswal,,,,,2.0,2026-09-02 11:35:56.023,2026-09-03 10:59:57.237
13943,Brooke Guest,,,,,144.0,2026-09-02 11:35:09.610,2026-09-03 10:59:17.013
13957,Ben Curran,,,,,12.0,2026-09-02 11:33:25.757,2026-09-03 10:58:19.740
13977,Vidhwath Kaverappa,,,,,236.0,2026-09-02 11:34:01.437,2026-09-03 10:58:00.370
13983,Gareth Delany,,,,,574.0,2026-09-02 11:33:43.347,2026-09-03 10:58:58.600
13989,Martin Andersson,,,,,144.0,2026-09-02 11:35:09.607,2026-09-03 10:59:17.003
14004,Sharvin Muniandy,,,,,71.0,2026-09-02 11:30:49.627,2026-09-03 10:56:54.427
14006,Muhamad Syahadat,,,,,71.0,2026-09-02 11:30:49.620,2026-09-03 10:56:54.350
14013,Manpreet Singh,,,,,190.0,2026-09-02 11:30:47.560,2026-09-03 10:58:03.327
14035,Lyndon James,,,,,139.0,2026-09-02 11:34:58.760,2026-09-03 10:59:05.200
14074,Techi Neri,,,,,1146.0,2026-09-02 11:35:59.440,2026-09-03 10:59:59.327
14079,Samarth Seth,,,,,2645.0,2026-09-02 11:34:35.957,2026-09-03 10:59:51.997
14101,Ashish Thapa,,,,,1146.0,2026-09-02 11:35:59.530,2026-09-03 10:59:59.270
14114,Imliwati Lemtur,,,,,1146.0,2026-09-02 11:35:59.413,2026-09-03 10:59:59.317
14136,Bishworjit Konthoujam,,,,,1146.0,2026-09-02 11:35:59.367,2026-09-03 10:59:59.343
14140,Kangabam Priyojit Singh,,,,,1146.0,2026-09-02 11:35:59.610,2026-09-03 10:59:59.300
14163,Simarjeet Singh,,,,,2601.0,2026-09-02 11:35:48.660,2026-09-03 10:59:52.117
14205,Tanzid Hasan Tamim,,,,,6.0,2026-09-02 11:36:05.943,2026-09-03 11:00:04.257
14211,Shahadat Hossain Dipu,,,,,288.0,2026-09-02 11:35:52.297,2026-09-03 10:59:54.673
14241,Saim Ayub,,,,,3208.0,2026-09-02 11:34:07.870,2026-09-03 10:58:56.630
14247,Naseem Shah,,,,,302.0,2026-09-02 11:34:50.270,2026-09-03 10:58:56.590
14254,Prabhsimran Singh,,,,,3581.0,2026-09-02 11:33:29.967,2026-09-03 10:57:13.540
14265,David Bedingham,,,,,141.0,2026-09-02 11:35:15.693,2026-09-03 10:59:23.477
14273,Mahmudul Hasan Joy,,,,,288.0,2026-09-02 11:33:52.843,2026-09-03 10:59:54.657
14277,Waqar Salamkheil,,,,,302.0,2026-09-02 11:34:50.277,2026-09-03 10:58:56.600
14399,Mohammad Ghazanfar,,,,,8.0,2026-09-02 11:34:06.030,2026-09-03 10:58:06.020
14408,Shivalik Sharma,,,,,234.0,2026-09-02 11:36:02.997,2026-09-03 11:00:01.993
14431,Ruben Trumpelmann,,,,,161.0,2026-09-02 11:33:25.907,2026-09-03 10:58:45.440
14452,Harpreet Brar,,,,,3601.0,2026-09-02 11:33:23.513,2026-09-03 10:57:29.953
14467,Qamran Iqbal,,,,,233.0,2026-09-02 11:34:01.407,2026-09-03 11:00:01.797
14500,Ben Manenti,,,,,573.0,2026-09-02 11:34:11.770,2026-09-03 10:59:38.280
14504,Tilak Varma,,,,,236.0,2026-09-02 11:34:01.463,2026-09-03 10:58:00.317
14507,Kanhaiya Wadhawan,,,,,233.0,2026-09-02 11:34:01.420,2026-09-03 11:00:01.840
14532,Suryansh Raina,,,,,2601.0,2026-09-02 11:35:48.593,2026-09-03 10:59:51.757
14545,Noman Ali,,,,,143.0,2026-09-02 11:35:13.710,2026-09-03 10:59:21.107
14566,Delano Potgieter,,,,,268.0,2026-09-02 11:33:52.820,2026-09-03 10:59:54.800
14576,Jay Odedra,,,,,304.0,2026-09-02 11:34:03.870,2026-09-03 10:58:03.523
14580,Matthew Montgomery,,,,,144.0,2026-09-02 11:35:09.603,2026-09-03 10:59:16.987
14596,Manav Suthar,,,,,2.0,2026-09-02 11:35:56.123,2026-09-03 10:59:57.187
14598,Anshul Kamboj,,,,,233.0,2026-09-02 11:34:01.427,2026-09-03 11:00:02.090
14606,Shahbaz Ahmed,,,,,235.0,2026-09-02 11:35:59.263,2026-09-03 10:59:59.387
14628,Abdul Samad,,,,,233.0,2026-09-02 11:34:01.417,2026-09-03 11:00:02.127
14689,Priyansh Arya,,,,,2631.0,2026-09-02 11:35:27.950,2026-09-03 10:59:36.053
14691,Dhruv Jurel,,,,,2.0,2026-09-02 11:35:56.120,2026-09-03 10:59:57.250
14695,Harsh Dubey,,,,,237.0,2026-09-02 11:33:58.487,2026-09-03 10:57:57.540
14775,Kary Chan,,,,,502.0,2026-09-02 11:34:30.317,2026-09-03 10:58:33.297
14797,Rubin Hermann,,,,,11.0,2026-09-02 11:34:17.620,2026-09-03 10:58:45.363
14811,Karima Gore,,,,,1978.0,2026-09-02 11:35:45.593,2026-09-03 10:59:49.493
14813,Jordan Cox,,,,,9.0,2026-09-02 11:34:56.400,2026-09-03 10:59:03.190
14819,Emilio Gay,,,,,9.0,2026-09-02 11:34:56.400,2026-09-03 10:59:03.180
14821,Robert Yates,,,,,140.0,2026-09-02 11:34:58.810,2026-09-03 10:59:05.343
14825,Shafali Verma,,,,,97.0,2026-09-02 11:33:39.183,2026-09-03 10:57:27.070
15063,Joshua Bishop,,,,,263.0,2026-09-02 11:35:23.593,2026-09-03 10:59:32.320
15205,Tim Pringle,,,,,572.0,2026-09-02 11:35:31.247,2026-09-03 10:59:38.390
15233,George Balderson,,,,,143.0,2026-09-02 11:35:13.707,2026-09-03 10:59:21.087
15234,Kasey Aldridge,,,,,141.0,2026-09-02 11:35:15.673,2026-09-03 10:59:23.513
15235,Tom Clark,,,,,41.0,2026-09-02 11:35:07.077,2026-09-03 10:59:14.750
15237,Joey Evison,,,,,41.0,2026-09-02 11:35:07.070,2026-09-03 10:59:14.787
15239,George Hill,,,,,146.0,2026-09-02 11:35:02.867,2026-09-03 10:59:10.070
15243,Dan Mousley,,,,,140.0,2026-09-02 11:34:58.810,2026-09-03 10:59:05.360
15273,Parvez Hossain Emon,,,,,288.0,2026-09-02 11:33:52.850,2026-09-03 10:59:54.763
15277,Ganeshan Periyaswamy,,,,,369.0,2026-09-02 11:34:34.103,2026-09-03 10:58:37.813
15294,N Selva Kumaran,,,,,410.0,2026-09-02 11:35:26.170,2026-09-03 10:59:34.383
15306,Matthew Nandu,,,,,159.0,2026-09-02 11:30:51.657,2026-09-03 10:56:59.043
15369,Harry Came,,,,,144.0,2026-09-02 11:35:09.600,2026-09-03 10:59:16.967
15382,Hannah Landheer,,,,,188.0,2026-09-02 11:33:27.767,2026-09-03 10:58:47.813
15383,Caroline de Lange,,,,,188.0,2026-09-02 11:33:27.763,2026-09-03 10:58:47.827
15385,Frederique Overdijk,,,,,188.0,2026-09-02 11:34:42.677,2026-09-03 10:58:47.497
15387,Iris Zwilling,,,,,188.0,2026-09-02 11:33:27.760,2026-09-03 10:58:47.470
15388,Katherine Fraser,,,,,389.0,2026-09-02 11:33:27.780,2026-09-03 10:57:11.383
15390,Megan McColl,,,,,389.0,2026-09-02 11:33:27.850,2026-09-03 10:58:47.697
15391,Ellen Watson,,,,,389.0,2026-09-02 11:33:27.853,2026-09-03 10:58:47.767
15395,Phannita Maya,,,,,382.0,2026-09-02 11:33:39.207,2026-09-03 10:58:33.400
15418,Salil Arora,,,,,3591.0,2026-09-02 11:30:45.573,2026-09-03 10:56:52.497
15438,Abdullah Zaheer,,,,,298.0,2026-09-02 11:30:47.547,2026-09-03 10:56:57.090
15444,Meet Bhavsar,,,,,298.0,2026-09-02 11:30:47.513,2026-09-03 10:56:56.737
15478,Matthew Revis,,,,,146.0,2026-09-02 11:35:02.860,2026-09-03 10:59:10.093
15479,Ben Compton,,,,,150.0,2026-09-02 11:35:11.643,2026-09-03 10:59:18.743
15485,Akash Choudhary,,,,,1146.0,2026-09-02 11:35:59.333,2026-09-03 10:59:59.333
15528,Abid Mushtaq,,,,,233.0,2026-09-02 11:34:01.423,2026-09-03 11:00:02.067
15535,Hasan Murad,,,,,288.0,2026-09-02 11:33:52.837,2026-09-03 10:59:54.723
15586,Lahiru Udara,,,,,5.0,2026-09-02 11:35:56.290,2026-09-03 10:59:57.053
15705,Shanjida Akter Meghla,,,,,329.0,2026-09-02 11:30:54.450,2026-09-03 10:57:02.737
15718,Rohan Rathi,,,,,2645.0,2026-09-02 11:34:35.983,2026-09-03 10:59:52.047
15779,Kumar Kushagra,,,,,235.0,2026-09-02 11:33:58.523,2026-09-03 10:59:58.877
15804,Scott Currie,,,,,153.0,2026-09-02 11:35:04.797,2026-09-03 10:59:12.167
15807,Kevlon Anderson,,,,,262.0,2026-09-02 11:34:28.337,2026-09-03 10:59:49.720
15809,Matthew Forde,,,,,263.0,2026-09-02 11:35:23.567,2026-09-03 10:59:32.177
15810,Joshua James,,,,,1978.0,2026-09-02 11:35:45.723,2026-09-03 10:59:49.843
15814,Kirk McKenzie,,,,,3208.0,2026-09-02 11:34:07.883,2026-09-03 10:58:56.253
15817,Jayden Seales,,,,,1978.0,2026-09-02 11:35:45.780,2026-09-03 10:59:49.787
15818,Ramon Simmonds,,,,,262.0,2026-09-02 11:34:28.350,2026-09-03 10:59:49.777
15829,Imal Liyanage,,,,,525.0,2026-09-02 11:33:32.097,2026-09-03 10:57:16.717
15832,Owais Ahmed,,,,,525.0,2026-09-02 11:33:32.080,2026-09-03 10:57:16.817
15877,Tadiwanashe Marumani,,,,,12.0,2026-09-02 11:33:25.857,2026-09-03 10:58:19.807
16119,Benjamin Calitz,,,,,576.0,2026-09-02 11:33:43.287,2026-09-03 10:59:25.550
16208,Richa Ghosh,,,,,97.0,2026-09-02 11:33:39.193,2026-09-03 10:57:27.130
16414,Joshua Da Silva,,,,,271.0,2026-09-02 11:30:51.850,2026-09-03 10:56:59.850
16433,Beyers Swanepoel,,,,,147.0,2026-09-02 11:35:13.720,2026-09-03 10:59:20.903
16794,Thipatcha Putthawong,,,,,382.0,2026-09-02 11:33:39.210,2026-09-03 10:58:33.413
16864,Siddhant Sharma,,,,,2631.0,2026-09-02 11:35:27.967,2026-09-03 10:59:36.393
17359,Abdul Waheed Ghaffar,,,,,571.0,2026-09-02 11:30:49.677,2026-09-03 10:58:05.747
17368,Faisal Khan,,,,,571.0,2026-09-02 11:34:06.047,2026-09-03 10:58:05.763
17431,Fiaz Ahmed,,,,,543.0,2026-09-02 11:33:33.860,2026-09-03 10:57:19.307
17494,Imran Anwar,,,,,543.0,2026-09-02 11:33:33.870,2026-09-03 10:57:20.287
17613,Mohammed Aslam,,,,,298.0,2026-09-02 11:30:47.517,2026-09-03 10:56:57.073
17631,Bilal Tahir,,,,,298.0,2026-09-02 11:30:47.517,2026-09-03 10:56:56.757
17692,Ravija Sandaruwan,,,,,298.0,2026-09-02 11:30:47.510,2026-09-03 10:56:56.723
18009,Ni Made Putri Suwandewi,,,,,484.0,2026-09-02 11:30:54.470,2026-09-03 10:57:02.627
18108,Adnan Idrees,,,,,298.0,2026-09-02 11:30:47.490,2026-09-03 10:56:57.107
18124,Ni Putu Ayu Nanda Sakarini,,,,,484.0,2026-09-02 11:30:54.530,2026-09-03 10:57:02.570
18133,Sudip Kumar Gharami,,,,,235.0,2026-09-02 11:33:58.527,2026-09-03 10:59:58.890
18142,Lesego Senokwane,,,,,268.0,2026-09-02 11:33:52.807,2026-09-03 10:59:54.457
18143,Curtis Campher,,,,,572.0,2026-09-02 11:33:50.817,2026-09-03 10:59:38.377
18169,Ben Aitchison,,,,,144.0,2026-09-02 11:35:09.613,2026-09-03 10:59:17.033
18179,Jack White,,,,,146.0,2026-09-02 11:35:02.873,2026-09-03 10:59:10.057
18189,Jack Carson,,,,,41.0,2026-09-02 11:35:07.073,2026-09-03 10:59:14.797
18190,Henry Crocombe,,,,,41.0,2026-09-02 11:35:07.070,2026-09-03 10:59:14.807
18239,Andrea Mae Zepeda,,,,,775.0,2026-09-02 11:33:56.440,2026-09-03 10:58:42.970
18279,Priya Sabu,,,,,775.0,2026-09-02 11:33:56.437,2026-09-03 10:59:47.613
18314,Verena Stolle,,,,,504.0,2026-09-02 11:33:45.343,2026-09-03 10:58:52.217
18315,Asmita Kohli,,,,,504.0,2026-09-02 11:33:45.330,2026-09-03 10:58:52.473
18325,Karthika Vijayaraghavan,,,,,504.0,2026-09-02 11:33:45.333,2026-09-03 10:57:35.273
18330,Antonia Meyenborg,,,,,504.0,2026-09-02 11:34:15.563,2026-09-03 10:58:26.817
18365,Joe Cracknell,,,,,74.0,2026-09-02 11:35:09.660,2026-09-03 10:59:16.890
18409,James Coles,,,,,41.0,2026-09-02 11:35:07.077,2026-09-03 10:59:14.770
18414,Alistair Orr,,,,,153.0,2026-09-02 11:35:04.780,2026-09-03 10:59:12.070
18415,Calvin Harrison,,,,,142.0,2026-09-02 11:35:11.680,2026-09-03 10:59:19.003
18430,James Wharton,,,,,146.0,2026-09-02 11:35:02.860,2026-09-03 10:59:09.697
18504,Maheesh Theekshana,,,,,263.0,2026-09-02 11:35:23.613,2026-09-03 10:59:32.260
18523,Duan Jansen,,,,,11.0,2026-09-02 11:34:17.533,2026-09-03 10:58:45.383
18588,Rejaur Rahman Raja,,,,,288.0,2026-09-02 11:33:52.833,2026-09-03 10:57:44.810
18637,Arshad Khan,,,,,237.0,2026-09-02 11:33:58.497,2026-09-03 10:57:57.320
18987,Muhammad Waseem,,,,,576.0,2026-09-02 11:33:43.280,2026-09-03 10:59:25.517
19013,Usman Khan,,,,,3208.0,2026-09-02 11:34:07.910,2026-09-03 10:58:56.267
19177,Vision Panchal,,,,,2590.0,2026-09-02 11:33:37.163,2026-09-03 10:59:45.287
19183,Akash Pandey,,,,,3567.0,2026-09-02 11:33:41.143,2026-09-03 10:57:30.073
19187,Abhinav Sharma,,,,,3581.0,2026-09-02 11:33:29.973,2026-09-03 10:57:13.897
19526,Sean Hunt,,,,,41.0,2026-09-02 11:35:07.067,2026-09-03 10:59:14.813
19532,Aryan Dutt,,,,,572.0,2026-09-02 11:33:50.827,2026-09-03 10:57:42.263
19546,Tawanda Muyeye,,,,,150.0,2026-09-02 11:35:11.650,2026-09-03 10:59:19.143
19592,Brad Evans,,,,,12.0,2026-09-02 11:33:25.860,2026-09-03 10:58:20.087
19612,Ben Geddes,,,,,74.0,2026-09-02 11:35:09.640,2026-09-03 10:59:16.870
19627,Khurram Shahzad,,,,,3.0,2026-09-02 11:34:56.420,2026-09-03 10:59:03.380
19647,Tom Prest,,,,,153.0,2026-09-02 11:35:04.790,2026-09-03 10:59:12.103
19652,Toby Albert,,,,,153.0,2026-09-02 11:35:04.787,2026-09-03 10:59:12.087
19667,Oliver Price,,,,,151.0,2026-09-02 11:35:15.647,2026-09-03 10:59:23.530
19761,Mikyle Louis,,,,,302.0,2026-09-02 11:34:50.287,2026-09-03 10:58:56.540
19767,Rehan Ahmed,,,,,145.0,2026-09-02 11:35:02.887,2026-09-03 10:59:09.960
19771,James Rew,,,,,119.0,2026-09-02 11:35:07.050,2026-09-03 10:59:14.597
19791,Atheeq Ur Rahman,,,,,369.0,2026-09-02 11:34:34.137,2026-09-03 10:58:37.750
19807,Gurjapneet Singh,,,,,369.0,2026-09-02 11:34:34.097,2026-09-03 10:58:37.763
19861,G Kishoor,,,,,368.0,2026-09-02 11:34:34.087,2026-09-03 10:59:34.460
19901,K Rajkumar,,,,,410.0,2026-09-02 11:35:26.190,2026-09-03 10:59:34.290
19907,P Saravanan,,,,,369.0,2026-09-02 11:34:34.097,2026-09-03 10:58:37.773
19916,Chris Benjamin,,,,,150.0,2026-09-02 11:35:11.653,2026-09-03 10:59:18.813
19952,William Luxton,,,,,146.0,2026-09-02 11:35:02.853,2026-09-03 10:59:09.667
19997,Thomas Aspinwall,,,,,143.0,2026-09-02 11:35:13.713,2026-09-03 10:59:21.130
20031,Sonny Baker,,,,,153.0,2026-09-02 11:35:04.957,2026-09-03 10:59:12.370
20037,Henry Cullen,,,,,147.0,2026-09-02 11:35:13.750,2026-09-03 10:59:20.910
20076,Fateh Singh,,,,,147.0,2026-09-02 11:35:13.723,2026-09-03 10:59:20.950
20086,James Sales,,,,,142.0,2026-09-02 11:35:11.677,2026-09-03 10:59:19.030
20106,Aphisara Suwanchonrathi,,,,,382.0,2026-09-02 11:33:39.267,2026-09-03 10:58:33.030
20111,Sunida Chaturongrattana,,,,,382.0,2026-09-02 11:33:39.230,2026-09-03 10:58:33.423
20146,Gulsan Jha,,,,,72.0,2026-09-02 11:33:33.910,2026-09-03 10:57:20.013
20241,Sanjay Krishnamurthi,,,,,576.0,2026-09-02 11:33:43.290,2026-09-03 10:59:25.523
20262,Louren Steenkamp,,,,,161.0,2026-09-02 11:33:25.930,2026-09-03 10:58:45.087
20538,Dewald Brevis,,,,,11.0,2026-09-02 11:34:17.617,2026-09-03 10:58:45.347
21091,Asa Tribe,,,,,149.0,2026-09-02 11:35:04.827,2026-09-03 10:59:12.247
21386,Jordan Hermann,,,,,11.0,2026-09-02 11:34:17.613,2026-09-03 10:58:45.337
21708,Joseph Lalthankhuma,,,,,1146.0,2026-09-02 11:35:59.467,2026-09-03 10:59:59.250
21711,Kishan Lyngdoh,,,,,1146.0,2026-09-02 11:35:59.550,2026-09-03 10:59:59.280
21791,Imesha Dulani,,,,,258.0,2026-09-02 11:34:09.730,2026-09-03 10:58:11.260
22001,Nannaphat Chaihan,,,,,382.0,2026-09-02 11:33:39.290,2026-09-03 10:58:33.137
22051,Gavin Kaplan,,,,,268.0,2026-09-02 11:33:52.817,2026-09-03 10:59:54.507
22141,Gurnoor Brar,,,,,233.0,2026-09-02 11:34:01.430,2026-09-03 10:58:00.417
22376,Kavuri Saiteja,,,,,236.0,2026-09-02 11:34:01.443,2026-09-03 10:58:00.363
22401,Mayank Yadav,,,,,2601.0,2026-09-02 11:35:48.700,2026-09-03 10:59:52.103
22556,Yash Dhull,,,,,233.0,2026-09-02 11:36:02.873,2026-09-03 11:00:01.807
22561,Harnoor Singh,,,,,3571.0,2026-09-02 11:30:45.367,2026-09-03 10:57:05.357
22571,Shaik Rasheed,,,,,236.0,2026-09-02 11:34:01.463,2026-09-03 10:58:00.307
22576,Nishant Sindhu,,,,,233.0,2026-09-02 11:34:01.420,2026-09-03 11:00:02.100
22691,Dev Khanal,,,,,72.0,2026-09-02 11:33:33.920,2026-09-03 10:57:19.920
22706,Arjun Kumal,,,,,72.0,2026-09-02 11:33:33.917,2026-09-03 10:57:19.803
22781,Musfik Hasan,,,,,288.0,2026-09-02 11:33:52.833,2026-09-03 10:57:44.820
22816,Maaz Sadaqat,,,,,3208.0,2026-09-02 11:34:07.880,2026-09-03 10:58:56.667
22911,Aryansh Sharma,,,,,7.0,2026-09-02 11:33:32.017,2026-09-03 10:57:16.373
23016,Aayan Afzal Khan,,,,,7.0,2026-09-02 11:33:32.050,2026-09-03 10:57:16.923
23121,Jack Jarvis,,,,,574.0,2026-09-02 11:33:43.310,2026-09-03 10:58:58.630
23156,Charlie Tear,,,,,41.0,2026-09-02 11:35:07.100,2026-09-03 10:59:14.760
23301,Rivaldo Clarke,,,,,262.0,2026-09-02 11:34:28.347,2026-09-03 10:59:49.713
23341,Matthew Boast,,,,,268.0,2026-09-02 11:33:52.823,2026-09-03 10:57:44.977
23346,Kwena Maphaka,,,,,11.0,2026-09-02 11:34:17.557,2026-09-03 10:58:20.030
23471,Tim Tector,,,,,577.0,2026-09-02 11:33:50.853,2026-09-03 10:59:25.307
23506,Matthew Humphreys,,,,,577.0,2026-09-02 11:33:50.833,2026-09-03 10:59:25.650
23616,Brian Bennett,,,,,12.0,2026-09-02 11:33:25.793,2026-09-03 10:58:19.720
23896,Ryan Klein,,,,,573.0,2026-09-02 11:34:11.773,2026-09-03 10:58:14.223
23976,Benjamin Cliff,,,,,146.0,2026-09-02 11:35:02.870,2026-09-03 10:59:10.080
24006,Kevin Wickham,,,,,302.0,2026-09-02 11:34:50.287,2026-09-03 10:58:56.530
24136,Prashant Kurup,,,,,543.0,2026-09-02 11:33:33.860,2026-09-03 10:57:19.250
24256,Dev Lakra,,,,,2645.0,2026-09-02 11:34:35.953,2026-09-03 10:59:52.017
24301,Prerit Dutta,,,,,3561.0,2026-09-02 11:33:29.983,2026-09-03 10:57:13.830
24546,Codi Yusuf,,,,,268.0,2026-09-02 11:35:52.600,2026-09-03 10:59:54.773
24622,Connor Esterhuizen,,,,,11.0,2026-09-02 11:34:17.633,2026-09-03 10:58:45.373
24685,Nick Potts,,,,,144.0,2026-09-02 11:35:09.617,2026-09-03 10:59:17.043
24713,Theertha Satish,,,,,449.0,2026-09-02 11:34:09.697,2026-09-03 10:58:11.000
25049,Samaira Dharnidharka,,,,,449.0,2026-09-02 11:34:09.703,2026-09-03 10:58:11.383
25058,Lavanya Keny,,,,,449.0,2026-09-02 11:34:09.700,2026-09-03 10:58:11.020
25065,Suraksha Kotte,,,,,449.0,2026-09-02 11:34:09.717,2026-09-03 10:58:11.407
25072,Vaishnave Mahesh,,,,,449.0,2026-09-02 11:34:09.710,2026-09-03 10:58:11.120
25079,Indhuja Nandakumar,,,,,449.0,2026-09-02 11:34:09.713,2026-09-03 10:58:11.370
25098,Maryam Bibi,,,,,502.0,2026-09-02 11:34:30.317,2026-09-03 10:58:33.327
25121,Yasmin Daswani,,,,,502.0,2026-09-02 11:34:30.337,2026-09-03 10:58:33.317
25126,Mariko Hill,,,,,502.0,2026-09-02 11:34:30.333,2026-09-03 10:58:33.307
25140,Shanzeen Shahzad,,,,,502.0,2026-09-02 11:34:30.353,2026-09-03 10:58:33.343
25142,Alison Siu,,,,,502.0,2026-09-02 11:34:30.317,2026-09-03 10:58:33.383
25149,Ruchitha Venkatesh,,,,,502.0,2026-09-02 11:34:30.320,2026-09-03 10:58:33.373
25163,Marina Lamplough,,,,,502.0,2026-09-02 11:34:30.320,2026-09-03 10:58:33.337
25385,M Pathirannehelage,,,,,775.0,2026-09-02 11:33:56.430,2026-09-03 10:59:47.567
25392,Ashmaan Saifee,,,,,775.0,2026-09-02 11:33:56.567,2026-09-03 10:59:47.373
25737,Anamul Haque Jnr,,,,,288.0,2026-09-02 11:35:52.463,2026-09-03 10:59:54.733
27331,K Easwaran,,,,,410.0,2026-09-02 11:35:26.130,2026-09-03 10:59:34.403
27361,Kaushani Nuthyangana,,,,,258.0,2026-09-02 11:34:09.770,2026-09-03 10:58:11.313
27424,Musheer Khan,,,,,234.0,2026-09-02 11:36:02.983,2026-09-03 11:00:01.983
27438,Tom Lawes,,,,,148.0,2026-09-02 11:35:00.813,2026-09-03 10:59:07.740
27543,Philippa Stahelin,,,,,1104.0,2026-09-02 11:34:19.997,2026-09-03 10:59:40.370
27548,Francesca Bulpitt,,,,,1104.0,2026-09-02 11:34:19.810,2026-09-03 10:58:50.007
27569,Rebecca Hubbard,,,,,1104.0,2026-09-02 11:34:44.680,2026-09-03 10:59:40.407
27604,Annie Le Ray,,,,,1104.0,2026-09-02 11:34:19.777,2026-09-03 10:59:40.390
27606,Eva Bourgaize,,,,,1104.0,2026-09-02 11:34:19.780,2026-09-03 10:59:40.453
27856,Shravya Kolcharam,,,,,504.0,2026-09-02 11:33:45.340,2026-09-03 10:58:52.123
28220,Ayush Shukla,,,,,8.0,2026-09-02 11:34:06.030,2026-09-03 10:58:05.940
28297,Harry Manenti,,,,,577.0,2026-09-02 11:33:50.933,2026-09-03 10:58:13.863
29046,Hamza Shaikh,,,,,145.0,2026-09-02 11:35:02.907,2026-09-03 10:59:09.970
29055,James Hayes,,,,,151.0,2026-09-02 11:34:58.757,2026-09-03 10:59:23.340
29067,Josh Blake,,,,,148.0,2026-09-02 11:35:00.803,2026-09-03 10:59:07.687
29130,Smaran Ravichandran,,,,,236.0,2026-09-02 11:34:01.467,2026-09-03 10:58:00.323
29410,Mitchell Killeen,,,,,151.0,2026-09-02 11:35:15.657,2026-09-03 10:59:23.320
29417,Benjamin Martindale,,,,,139.0,2026-09-02 11:34:58.747,2026-09-03 10:59:05.477
29433,Mohamed Shafeeq,,,,,298.0,2026-09-02 11:30:47.540,2026-09-03 10:56:57.060
29459,Yasin Patel,,,,,298.0,2026-09-02 11:30:47.540,2026-09-03 10:56:57.047
29543,Sheridon Gumbs,,,,,145.0,2026-09-02 11:35:02.890,2026-09-03 10:59:09.950
29550,Joshua Thomas,,,,,119.0,2026-09-02 11:35:07.040,2026-09-03 10:59:14.550
29559,Sriya Reddy,,,,,775.0,2026-09-02 11:33:56.433,2026-09-03 10:59:47.603
29718,Ali Zaheer,,,,,298.0,2026-09-02 11:30:47.537,2026-09-03 10:56:56.767
29816,Phebe Molkenboer,,,,,188.0,2026-09-02 11:33:27.730,2026-09-03 10:58:47.410
30588,Rinitha Rajith,,,,,449.0,2026-09-02 11:34:09.703,2026-09-03 10:58:11.080
31393,Marufa Akter,,,,,329.0,2026-09-02 11:30:54.447,2026-09-03 10:57:02.703
31911,Brandon McMullen,,,,,574.0,2026-09-02 11:33:43.340,2026-09-03 10:58:58.560
32833,Aman Mokhade,,,,,237.0,2026-09-02 11:33:58.470,2026-09-03 10:57:57.250
32856,Gourav Choudhary,,,,,3571.0,2026-09-02 11:30:45.423,2026-09-03 10:57:05.397
33127,Sunil Kumar,,,,,233.0,2026-09-02 11:36:02.950,2026-09-03 11:00:02.113
33605,Rebecca Layla Blake,,,,,1675.0,2026-09-02 11:34:48.403,2026-09-03 10:59:42.310
33766,Maria Corazon,,,,,484.0,2026-09-02 11:30:54.490,2026-09-03 10:57:02.500
33778,Dara A Laksmi Paramitha,,,,,484.0,2026-09-02 11:30:54.473,2026-09-03 10:57:02.677
33787,Ni Kadek Fitria Rada Rani,,,,,484.0,2026-09-02 11:30:54.553,2026-09-03 10:57:02.600
33794,Rahmawati Pangestuti,,,,,484.0,2026-09-02 11:30:54.490,2026-09-03 10:57:02.530
34172,Ayesha Hasan,,,,,1055.0,2026-09-02 11:33:56.380,2026-09-03 10:59:00.677
34193,Ramya Immadi,,,,,1055.0,2026-09-02 11:33:56.380,2026-09-03 10:59:00.683
34200,Bijeyata Kumari,,,,,1055.0,2026-09-02 11:33:56.377,2026-09-03 10:59:00.667
34212,Lopamudra Sahoo,,,,,1055.0,2026-09-02 11:34:13.613,2026-09-03 10:59:00.730
34219,Mirab Razwan,,,,,1055.0,2026-09-02 11:33:56.427,2026-09-03 10:59:00.720
34233,Lucy Barnett,,,,,1209.0,2026-09-02 11:33:47.370,2026-09-03 10:59:42.547
34240,Clare Crowe,,,,,1209.0,2026-09-02 11:33:47.377,2026-09-03 10:59:42.573
34289,Rachel Overman,,,,,1209.0,2026-09-02 11:33:47.373,2026-09-03 10:59:42.640
34298,Alanya Thorpe,,,,,1209.0,2026-09-02 11:35:21.613,2026-09-03 10:59:42.583
34319,Eman Asim,,,,,1048.0,2026-09-02 11:34:15.540,2026-09-03 10:58:52.343
34333,Imali Jayasooriya,,,,,1048.0,2026-09-02 11:34:15.547,2026-09-03 10:58:52.380
34352,Kanchan Rana,,,,,1048.0,2026-09-02 11:34:15.540,2026-09-03 10:58:52.390
34380,Elsa Thelander,,,,,1048.0,2026-09-02 11:34:15.537,2026-09-03 10:58:52.337
34382,Anya Vaidya,,,,,1048.0,2026-09-02 11:34:15.533,2026-09-03 10:58:52.327
34450,Pheiroijam Jotin,,,,,1146.0,2026-09-02 11:35:59.390,2026-09-03 10:59:59.307
34527,Ahmer Bin Nasir,,,,,543.0,2026-09-02 11:33:33.863,2026-09-03 10:57:19.357
34534,Rizwan Butt,,,,,543.0,2026-09-02 11:33:33.893,2026-09-03 10:57:20.210
34550,Ishtiaq Ahmad,,,,,571.0,2026-09-02 11:30:49.640,2026-09-03 10:58:05.923
34557,Zain Ul Abidin,,,,,571.0,2026-09-02 11:30:49.643,2026-09-03 10:58:05.847
34562,Hisham Shaikh,,,,,571.0,2026-09-02 11:30:49.663,2026-09-03 10:58:05.797
34639,Usman Najeeb,,,,,571.0,2026-09-02 11:30:49.667,2026-09-03 10:58:05.863
34646,Muhammad Saqib,,,,,571.0,2026-09-02 11:30:49.637,2026-09-03 10:58:05.883
35250,Mohammad Ali,,,,,3.0,2026-09-02 11:34:56.423,2026-09-03 10:59:03.400
35607,Rabeya Khan,,,,,329.0,2026-09-02 11:30:54.440,2026-09-03 10:57:02.753
35612,Dilara Akter,,,,,329.0,2026-09-02 11:30:54.423,2026-09-03 10:57:01.927
36132,Jassinder Singh,,,,,3591.0,2026-09-02 11:30:45.503,2026-09-03 10:56:52.537
36139,Naman Dhir,,,,,3567.0,2026-09-02 11:33:41.130,2026-09-03 10:57:30.123
36321,Mohammad Ikramullah Khan,,,,,525.0,2026-09-02 11:33:32.077,2026-09-03 10:57:16.833
36594,Ross Adair,,,,,574.0,2026-09-02 11:33:43.317,2026-09-03 10:58:58.533
37271,Charlotte Chan,,,,,502.0,2026-09-02 11:34:30.390,2026-09-03 10:58:33.390
38209,Darcey Carter,,,,,389.0,2026-09-02 11:33:27.773,2026-09-03 10:58:47.657
38216,Maryam Faisal,,,,,389.0,2026-09-02 11:33:27.810,2026-09-03 10:58:47.667
38223,Maisie Maceira,,,,,389.0,2026-09-02 11:33:27.780,2026-09-03 10:58:47.747
38251,Niamh Robertson Jack,,,,,389.0,2026-09-02 11:34:42.690,2026-09-03 10:58:47.757
38818,Shorna Akter,,,,,329.0,2026-09-02 11:30:54.433,2026-09-03 10:57:02.797
39070,Ni Luh Dewi,,,,,484.0,2026-09-02 11:30:54.487,2026-09-03 10:57:02.540
39077,Ni Kadek Ariani,,,,,484.0,2026-09-02 11:30:54.480,2026-09-03 10:57:02.650
39135,Desi Wulandari,,,,,484.0,2026-09-02 11:30:54.557,2026-09-03 10:57:02.613
39149,Muhammad Jawadullah,,,,,7.0,2026-09-02 11:33:32.053,2026-09-03 10:57:16.887
41078,Shree Charani,,,,,97.0,2026-09-02 11:33:39.203,2026-09-03 10:57:27.507
41113,Hasan Nawaz,,,,,1978.0,2026-09-02 11:35:45.597,2026-09-03 10:59:49.507
41169,Sufyan Moqim,,,,,1978.0,2026-09-02 11:35:45.727,2026-09-03 10:59:49.833
41715,Ali Dawood,,,,,543.0,2026-09-02 11:33:33.897,2026-09-03 10:57:20.160
41725,Abdul Majid Abbasi,,,,,543.0,2026-09-02 11:33:33.890,2026-09-03 10:57:20.250
42733,Ben McKinney,,,,,141.0,2026-09-02 11:35:15.677,2026-09-03 10:59:23.457
42740,Josh Hull,,,,,145.0,2026-09-02 11:35:02.880,2026-09-03 10:59:10.027
42936,Shangeerthana Raveendrakumar,,,,,1055.0,2026-09-02 11:33:56.417,2026-09-03 10:59:00.693
43097,Abdul Manan Ali,,,,,571.0,2026-09-02 11:30:49.697,2026-09-03 10:58:05.813
43384,Hadia Siddiqui,,,,,775.0,2026-09-02 11:33:56.443,2026-09-03 10:59:47.280
44424,Zaman Akhter,,,,,152.0,2026-09-02 11:35:00.830,2026-09-03 10:59:07.840
45176,Shing Chan Dorothea,,,,,502.0,2026-09-02 11:34:30.367,2026-09-03 10:58:33.363
45313,Joe Phillips,,,,,151.0,2026-09-02 11:35:15.643,2026-09-03 10:59:23.267
45516,Ben Kellaway,,,,,149.0,2026-09-02 11:35:04.830,2026-09-03 10:59:12.273
45659,Michael Levitt,,,,,573.0,2026-09-02 11:34:11.787,2026-09-03 10:59:38.243
45750,Goksu Ayan,,,,,902.0,2026-09-02 11:34:44.617,2026-09-03 10:59:47.520
45754,Gulhatun Keles,,,,,902.0,2026-09-02 11:33:47.433,2026-09-03 10:59:47.530
45757,Ezgi Nur Kilic,,,,,902.0,2026-09-02 11:33:47.397,2026-09-03 10:59:47.503
45764,Kubra Canavarci,,,,,902.0,2026-09-02 11:33:47.397,2026-09-03 10:59:47.477
45817,Hareer Chamto,,,,,1048.0,2026-09-02 11:34:15.557,2026-09-03 10:58:52.370
45841,Rameesha Shahid,,,,,504.0,2026-09-02 11:33:45.347,2026-09-03 10:58:52.427
45918,Ashwini Balaji,,,,,504.0,2026-09-02 11:33:45.350,2026-09-03 10:58:52.450
46023,Shoaib Bashir,,,,,144.0,2026-09-02 11:35:09.617,2026-09-03 10:59:17.053
46205,Rohan Bhutra,,,,,369.0,2026-09-02 11:34:34.100,2026-09-03 10:58:37.787
46230,P Vignesh,,,,,369.0,2026-09-02 11:34:34.093,2026-09-03 10:58:37.800
46559,Balasubramaniam Sachin,,,,,368.0,2026-09-02 11:34:34.073,2026-09-03 10:59:34.020
46681,Matthew Tromp,,,,,271.0,2026-09-02 11:34:07.850,2026-09-03 10:59:32.023
46870,Rehaan Edavalath,,,,,147.0,2026-09-02 11:35:13.730,2026-09-03 10:59:20.877
46912,Krista De La Mare,,,,,1104.0,2026-09-02 11:34:19.977,2026-09-03 10:59:40.417
46919,Elise Millington,,,,,1104.0,2026-09-02 11:34:19.750,2026-09-03 10:59:40.397
46982,Merel Dekeling,,,,,188.0,2026-09-02 11:33:27.757,2026-09-03 10:57:11.023
47623,Sheetal Bhardwaj,,,,,775.0,2026-09-02 11:33:56.447,2026-09-03 10:59:47.590
47637,Eddie Jack,,,,,153.0,2026-09-02 11:35:04.800,2026-09-03 10:59:12.360
47654,Matthew Hurst,,,,,143.0,2026-09-02 11:35:13.693,2026-09-03 10:59:21.033
47658,Charlie Allison,,,,,152.0,2026-09-02 11:35:00.843,2026-09-03 10:59:07.527
47787,Joanne Hicks,,,,,1209.0,2026-09-02 11:33:47.383,2026-09-03 10:59:42.620
47794,Adamantia Makri,,,,,1668.0,2026-09-02 11:34:26.287,2026-09-03 10:59:29.730
47808,Aggeliki Savvani,,,,,1668.0,2026-09-02 11:34:26.290,2026-09-03 10:59:29.430
47840,Sofia Georgota,,,,,1668.0,2026-09-02 11:34:26.317,2026-09-03 10:59:29.740
47843,Theodora mesimeri,,,,,1668.0,2026-09-02 11:34:26.360,2026-09-03 10:59:29.507
47948,Cristina Cirlig,,,,,1675.0,2026-09-02 11:34:48.407,2026-09-03 10:59:42.707
47955,Iuliana Muntean,,,,,1675.0,2026-09-02 11:34:48.410,2026-09-03 10:59:42.650
47962,Madalina Marin,,,,,1675.0,2026-09-02 11:34:48.410,2026-09-03 10:59:42.397
47987,Michael Booth,,,,,140.0,2026-09-02 11:34:58.777,2026-09-03 10:59:05.417
48151,JT Langridge,,,,,151.0,2026-09-02 11:35:15.663,2026-09-03 10:59:23.350
48302,Carlijn van Koolwijk,,,,,188.0,2026-09-02 11:34:42.673,2026-09-03 10:58:47.800
48403,Anushka Saurabh Gorad,,,,,1055.0,2026-09-02 11:33:56.373,2026-09-03 10:59:00.657
48862,Nita Dalgaard,,,,,508.0,2026-09-02 11:33:45.373,2026-09-03 10:58:35.513
48885,Divya Golechha,,,,,508.0,2026-09-02 11:33:45.360,2026-09-03 10:58:35.533
48906,Sofie Ostergaard,,,,,508.0,2026-09-02 11:33:45.417,2026-09-03 10:58:35.470
48913,Maria Karlsen,,,,,508.0,2026-09-02 11:33:45.457,2026-09-03 10:58:35.523
48927,Misbah Ifzal,,,,,1055.0,2026-09-02 11:34:26.497,2026-09-03 10:58:28.990
49044,Prachi Kumari,,,,,1055.0,2026-09-02 11:33:56.387,2026-09-03 10:59:00.740
49074,Anne-Sofie Slebsager,,,,,508.0,2026-09-02 11:34:24.077,2026-09-03 10:58:35.490
49233,Fatima Zahra,,,,,1048.0,2026-09-02 11:34:32.137,2026-09-03 10:58:35.310
49268,Tommy Boorman,,,,,151.0,2026-09-02 11:35:15.653,2026-09-03 10:59:23.303
49515,Pravitha Ganesan,,,,,775.0,2026-09-02 11:33:56.590,2026-09-03 10:59:47.320
50010,Sang Maypriani,,,,,484.0,2026-09-02 11:30:54.477,2026-09-03 10:57:02.663
50236,Aggeliki ioanna Argyropoulou,,,,,1668.0,2026-09-02 11:34:26.313,2026-09-03 10:59:29.440
50257,Maria Polimeri,,,,,1668.0,2026-09-02 11:34:26.287,2026-09-03 10:59:29.413
50264,Maria afroditi Vervitsioti,,,,,1668.0,2026-09-02 11:34:26.337,2026-09-03 10:59:29.753
50355,Myrthe van den Raad,,,,,188.0,2026-09-02 11:33:27.767,2026-09-03 10:58:47.777
50383,Shakeel Ahmed,,,,,304.0,2026-09-02 11:34:03.920,2026-09-03 10:58:03.480
50437,Mirza Mohammed Baig,,,,,525.0,2026-09-02 11:33:32.057,2026-09-03 10:57:16.760
50458,Shamar Joseph,,,,,159.0,2026-09-02 11:30:51.717,2026-09-03 10:56:59.947
50468,Amir Khan Malik,,,,,71.0,2026-09-02 11:30:49.630,2026-09-03 10:56:54.447
50545,Lhuan-dre Pretorius,,,,,11.0,2026-09-02 11:34:17.590,2026-09-03 10:58:45.327
51018,Kyle Klein,,,,,572.0,2026-09-02 11:35:31.247,2026-09-03 10:59:38.367
51791,Vaibhav Sooryavanshi,,,,,235.0,2026-09-02 11:33:58.520,2026-09-03 10:59:59.410
51910,Iqbal Hossain Emon,,,,,288.0,2026-09-02 11:35:52.563,2026-09-03 10:59:54.753
51949,Madhava Prasad,,,,,368.0,2026-09-02 11:34:34.083,2026-09-03 10:59:34.093
52022,Nipun Pandita,,,,,3601.0,2026-09-02 11:33:23.760,2026-09-03 10:57:30.037
52579,Hemant Dhami,,,,,72.0,2026-09-02 11:33:33.900,2026-09-03 10:57:20.133
52638,Haider Ali,,,,,7.0,2026-09-02 11:33:32.053,2026-09-03 10:57:16.867
52666,Rahul Chopra,,,,,7.0,2026-09-02 11:33:32.043,2026-09-03 10:57:16.943
52677,Azan Awais,,,,,3.0,2026-09-02 11:34:56.430,2026-09-03 10:59:03.327
52925,Bharti Fulmali,,,,,97.0,2026-09-02 11:33:39.190,2026-09-03 10:57:27.117
53030,Prema Rawat,,,,,97.0,2026-09-02 11:33:39.197,2026-09-03 10:57:27.523
53408,Nqobani Mokoena,,,,,11.0,2026-09-02 11:34:40.770,2026-09-03 10:58:45.400
53496,Vishwanath Singh,,,,,3581.0,2026-09-02 11:33:29.967,2026-09-03 10:57:13.523
53510,Money Grewal,,,,,2620.0,2026-09-02 11:33:37.150,2026-09-03 10:59:45.180
53940,Alexander Volschenk,,,,,161.0,2026-09-02 11:33:26.000,2026-09-03 10:58:45.160
53954,Jack Brassell,,,,,161.0,2026-09-02 11:33:25.920,2026-09-03 10:58:45.450
54252,Jordan Neill,,,,,572.0,2026-09-02 11:33:50.823,2026-09-03 10:57:41.883
54385,Newman Nyamhuri,,,,,12.0,2026-09-02 11:33:25.877,2026-09-03 10:58:20.073
54518,Arpit Rana,,,,,2601.0,2026-09-02 11:35:48.550,2026-09-03 10:59:51.740
54686,Aryan Pandey,,,,,237.0,2026-09-02 11:33:58.493,2026-09-03 10:57:57.513
55092,Hunain Shah,,,,,3208.0,2026-09-02 11:34:07.873,2026-09-03 10:58:56.640
55288,Waji Ul Hassan,,,,,571.0,2026-09-02 11:30:49.680,2026-09-03 10:58:05.780
55753,Aqeel Wahid,,,,,71.0,2026-09-02 11:30:49.620,2026-09-03 10:56:54.330
55799,Usman Tariq,,,,,271.0,2026-09-02 11:30:51.733,2026-09-03 10:59:32.150
1423987,Sanya Khurana,,,,,188.0,2026-09-02 11:33:27.733,2026-09-03 10:58:47.850
1424075,Yuvraj Samra,,,,,572.0,2026-09-02 11:33:50.803,2026-09-03 10:59:38.003
1424104,Nazmus Sakib,,,,,71.0,2026-09-02 11:30:49.617,2026-09-03 10:56:54.310
1425758,Line Ostergaard,,,,,508.0,2026-09-02 11:33:45.373,2026-09-03 10:58:35.507
1425767,Camilla Ostergaard,,,,,508.0,2026-09-02 11:33:45.370,2026-09-03 10:58:35.540
1425792,Kiaya Pandya,,,,,508.0,2026-09-02 11:33:45.420,2026-09-03 10:58:35.497
1426685,Katerina Tesarikova,,,,,1987.0,2026-09-02 11:34:19.650,2026-09-03 10:59:27.243
1426714,Rachel Pavlickova,,,,,1987.0,2026-09-02 11:34:19.573,2026-09-03 10:59:27.620
1426741,Erika Kuncova,,,,,1987.0,2026-09-02 11:34:19.627,2026-09-03 10:59:27.610
1427043,Jana Kominkova,,,,,1987.0,2026-09-02 11:34:38.803,2026-09-03 10:59:27.350
1427045,Zuzana Franova,,,,,1987.0,2026-09-02 11:34:19.717,2026-09-03 10:59:27.327
1427178,Joyleen Kaur,,,,,502.0,2026-09-02 11:34:30.323,2026-09-03 10:58:33.357
1427488,Andre Siddarth C,,,,,368.0,2026-09-02 11:34:34.077,2026-09-03 10:59:34.030
1427821,Rocky Flintoff,,,,,143.0,2026-09-02 11:35:13.700,2026-09-03 10:59:21.067
1427839,Freddie McCann,,,,,139.0,2026-09-02 11:34:58.750,2026-09-03 10:59:05.150
1428015,Alex Green,,,,,145.0,2026-09-02 11:35:02.883,2026-09-03 10:59:10.037
1428294,Ekansh Singh,,,,,150.0,2026-09-02 11:35:11.657,2026-09-03 10:59:19.133
1428325,R Ram Kumar,,,,,369.0,2026-09-02 11:34:34.107,2026-09-03 10:58:37.677
1428535,Karan Sonavale,,,,,304.0,2026-09-02 11:34:03.860,2026-09-03 10:58:03.553
1428787,Archie Vaughan,,,,,119.0,2026-09-02 11:35:07.043,2026-09-03 10:59:14.857
1428823,Wilhelmina Garcia,,,,,504.0,2026-09-02 11:33:45.327,2026-09-03 10:58:52.090
1429041,Jediah Blades,,,,,3208.0,2026-09-02 11:34:07.867,2026-09-03 10:58:56.620
1429057,Gabriella Fontenla,,,,,389.0,2026-09-02 11:34:42.687,2026-09-03 10:58:47.737
1429066,Adam Thomas,,,,,148.0,2026-09-02 11:35:00.807,2026-09-03 10:59:07.733
1429070,Nayab Razwan,,,,,1055.0,2026-09-02 11:33:56.420,2026-09-03 10:59:00.703
1429075,Vidya Viyala,,,,,1055.0,2026-09-02 11:33:56.423,2026-09-03 10:59:00.750
1429084,Alina Aslam,,,,,1055.0,2026-09-02 11:33:56.383,2026-09-03 10:59:00.713
1429158,Hana Atkinson,,,,,1104.0,2026-09-02 11:34:19.993,2026-09-03 10:59:40.433
1429185,Rachel Merrien,,,,,1104.0,2026-09-02 11:34:19.880,2026-09-03 10:59:40.380
1429626,Vansh Bedi,,,,,2620.0,2026-09-02 11:33:37.147,2026-09-03 10:59:45.170
1429674,Sanat Sangwan,,,,,233.0,2026-09-02 11:34:01.407,2026-09-03 10:58:00.117
1429684,Tejasvi Dahiya,,,,,2590.0,2026-09-02 11:33:37.193,2026-09-03 10:59:44.930
1429732,Anshuman Hooda,,,,,2590.0,2026-09-02 11:33:37.167,2026-09-03 10:59:45.260
1430018,Muhammad Aqif Farooq,,,,,298.0,2026-09-02 11:30:47.543,2026-09-03 10:56:57.133
1430529,Vihaan Malhotra,,,,,3561.0,2026-09-02 11:33:29.993,2026-09-03 10:57:13.773
1430801,Vera Poglitsch,,,,,775.0,2026-09-02 11:33:56.593,2026-09-03 10:59:47.330
1431321,Hariharan Shreya,,,,,1048.0,2026-09-02 11:34:15.557,2026-09-03 10:58:52.410
1431323,Zara Mohammad,,,,,1048.0,2026-09-02 11:34:15.543,2026-09-03 10:58:52.417
1431377,Mujeeb ur Rehman,,,,,525.0,2026-09-02 11:33:32.077,2026-09-03 10:57:16.773
1431481,Hammad Mirza,,,,,304.0,2026-09-02 11:34:03.863,2026-09-03 10:58:02.940
1431875,Krish Bhagat,,,,,3591.0,2026-09-02 11:30:45.483,2026-09-03 10:56:52.517
1431889,Emanjot Singh Chahal,,,,,3581.0,2026-09-02 11:33:29.980,2026-09-03 10:57:13.907
1431905,Sahaj Dhawan,,,,,3567.0,2026-09-02 11:33:41.123,2026-09-03 10:57:29.503
1431913,Abhay Choudhary,,,,,3567.0,2026-09-02 11:33:41.133,2026-09-03 10:57:29.570
1431953,Kodimela Himateja,,,,,236.0,2026-09-02 11:34:01.470,2026-09-03 10:58:00.333
1433244,Asif Ali,,,,,543.0,2026-09-02 11:33:33.857,2026-09-03 10:57:19.180
1433310,Riaan Naik,,,,,190.0,2026-09-02 11:30:47.557,2026-09-03 10:58:03.310
1433321,Pranav Sudarshan,,,,,190.0,2026-09-02 11:30:47.550,2026-09-03 10:58:03.410
1446953,Sukhdeep Bajwa,,,,,3581.0,2026-09-02 11:33:29.977,2026-09-03 10:57:13.873
1446957,Pranav Pant,,,,,2590.0,2026-09-02 11:33:37.173,2026-09-03 10:59:44.873
1447085,Ajay Ahlawat,,,,,2645.0,2026-09-02 11:35:27.973,2026-09-03 10:59:36.383
1447221,Karteek Sharma,,,,,3591.0,2026-09-02 11:30:45.633,2026-09-03 10:56:52.553
1447245,Tejpreet Singh,,,,,3601.0,2026-09-02 11:33:23.520,2026-09-03 10:57:30.027
1447277,Kartik Chadha,,,,,3591.0,2026-09-02 11:30:45.507,2026-09-03 10:56:52.437
1447285,Yajas Sharma,,,,,2631.0,2026-09-02 11:35:27.953,2026-09-03 10:59:36.070
1447465,Khuzaima Tanveer,,,,,7.0,2026-09-02 11:33:32.050,2026-09-03 10:57:16.847
1448101,Al Fahad,,,,,288.0,2026-09-02 11:35:52.513,2026-09-03 10:59:54.743
1448289,Digvesh Singh Rathi,,,,,2645.0,2026-09-02 11:34:35.950,2026-09-03 10:59:52.063
1448809,Pratika Rawal,,,,,97.0,2026-09-02 11:33:39.187,2026-09-03 10:57:27.087
1448841,Kranti Gaud,,,,,97.0,2026-09-02 11:33:39.203,2026-09-03 10:57:27.483
1448901,Nandni Sharma,,,,,97.0,2026-09-02 11:33:39.200,2026-09-03 10:57:27.493
1449025,Muhammad Asim,,,,,525.0,2026-09-02 11:33:32.080,2026-09-03 10:57:16.730
1449033,Vinayak Shukla,,,,,304.0,2026-09-02 11:34:03.867,2026-09-03 10:58:02.970
1449473,Juairiya Ferdous,,,,,329.0,2026-09-02 11:30:54.423,2026-09-03 10:57:01.853
1449529,Ayush Doseja,,,,,233.0,2026-09-02 11:34:01.410,2026-09-03 11:00:01.813
1449952,Amelie Baldie,,,,,389.0,2026-09-02 11:33:27.777,2026-09-03 10:57:11.483
1449970,Charlotte Nevard,,,,,389.0,2026-09-02 11:34:42.720,2026-09-03 10:58:47.687
1449981,Pippa Sproul,,,,,389.0,2026-09-02 11:33:27.833,2026-09-03 10:58:47.677
1450123,Sanjana Kavindi,,,,,258.0,2026-09-02 11:34:09.750,2026-09-03 10:58:11.283
1450150,Chamudi Praboda,,,,,258.0,2026-09-02 11:34:09.723,2026-09-03 10:58:11.343
1450749,Sahil Khan,,,,,3567.0,2026-09-02 11:33:41.340,2026-09-03 10:57:30.087
1450948,Hari Kukreja,,,,,190.0,2026-09-02 11:30:47.580,2026-09-03 10:56:56.940
1450963,Asif Mohammad Shaikh,,,,,543.0,2026-09-02 11:33:33.890,2026-09-03 10:57:20.320
1450984,Hassnain Shah,,,,,304.0,2026-09-02 11:34:03.873,2026-09-03 10:58:03.540
1450990,Suryansh Gulecha,,,,,190.0,2026-09-02 11:30:47.560,2026-09-03 10:58:03.277
1451038,Jiten Ramanandi,,,,,304.0,2026-09-02 11:34:03.870,2026-09-03 10:58:03.500
1451047,Chethana Vimukthi,,,,,258.0,2026-09-02 11:34:09.720,2026-09-03 10:58:11.353
1451065,Mujibur Ali,,,,,304.0,2026-09-02 11:34:03.867,2026-09-03 10:58:02.957
1451179,Girin Gune,,,,,190.0,2026-09-02 11:30:47.610,2026-09-03 10:58:03.293
1451188,Harsh Venkataram,,,,,190.0,2026-09-02 11:30:47.550,2026-09-03 10:58:03.427
1452155,Georgina Ford,,,,,1209.0,2026-09-02 11:34:13.587,2026-09-03 10:59:42.603
1452164,Sarah Hojholt,,,,,508.0,2026-09-02 11:33:45.460,2026-09-03 10:58:35.450
1452314,Sai Harsha Venugopal,,,,,190.0,2026-09-02 11:30:47.747,2026-09-03 10:58:03.360
1452323,Chandramauli Sridev,,,,,190.0,2026-09-02 11:34:03.930,2026-09-03 10:58:03.377
1452341,Daksh Pratap Singh Tyagi,,,,,190.0,2026-09-02 11:30:47.553,2026-09-03 10:58:03.393
1452569,Klara Kisova,,,,,1987.0,2026-09-02 11:34:19.750,2026-09-03 10:59:27.373
1452578,Eva Konasova,,,,,1987.0,2026-09-02 11:34:38.810,2026-09-03 10:58:42.860
1452587,Athige Silva,,,,,449.0,2026-09-02 11:34:09.710,2026-09-03 10:58:11.417
1452785,Nicole Kingsley,,,,,504.0,2026-09-02 11:34:24.040,2026-09-03 10:58:52.137
1452791,Iris Edwards,,,,,504.0,2026-09-02 11:34:46.577,2026-09-03 10:58:52.460
1452800,Ameya Kanukuntla,,,,,504.0,2026-09-02 11:33:45.333,2026-09-03 10:58:52.177
1452809,Alekcandra Kourkoulou,,,,,1668.0,2026-09-02 11:34:26.357,2026-09-03 10:59:29.493
1452938,Naavya Sharma,,,,,74.0,2026-09-02 11:35:09.627,2026-09-03 10:59:17.087
1453367,Malyun Yusuf,,,,,1048.0,2026-09-02 11:34:15.550,2026-09-03 10:58:52.400
1455394,Rohit Yadav,,,,,2601.0,2026-09-02 11:35:48.663,2026-09-03 10:59:52.130
1456402,Mansi Parmar,,,,,1987.0,2026-09-02 11:34:19.733,2026-09-03 10:59:27.340
1456413,Adela Pavlickova,,,,,1987.0,2026-09-02 11:34:19.730,2026-09-03 10:58:21.800
1456428,Sowjanya Talamarla,,,,,1987.0,2026-09-02 11:34:19.690,2026-09-03 10:59:27.573
1456459,Prithaa Ganesan,,,,,775.0,2026-09-02 11:34:38.910,2026-09-03 10:59:47.343
1456809,Quentin Sampson,,,,,159.0,2026-09-02 11:30:51.713,2026-09-03 10:56:59.213
1456820,Keon Gaston,,,,,263.0,2026-09-02 11:35:23.617,2026-09-03 10:59:32.347
1457020,RS Ambrish,,,,,368.0,2026-09-02 11:34:34.080,2026-09-03 10:59:34.470
1457066,Rahul Kumar,,,,,3567.0,2026-09-02 11:33:41.130,2026-09-03 10:57:29.553
1457979,Melike Bayram,,,,,902.0,2026-09-02 11:33:47.433,2026-09-03 10:59:47.493
1457990,Duygu Tekyildirim,,,,,902.0,2026-09-02 11:33:47.413,2026-09-03 10:59:47.513
1457999,Hacer Celik,,,,,902.0,2026-09-02 11:33:47.403,2026-09-03 10:59:47.540
1458008,Ruveyda Cenik,,,,,902.0,2026-09-02 11:34:44.613,2026-09-03 10:59:47.550
1458012,Saliha Ozkunduz,,,,,902.0,2026-09-02 11:33:47.403,2026-09-03 10:59:47.560
1458021,Suzan Turan,,,,,902.0,2026-09-02 11:33:47.407,2026-09-03 10:59:47.467
1458155,Charlie Bennett,,,,,152.0,2026-09-02 11:35:00.830,2026-09-03 10:59:07.600
1458362,Arif Ullah,,,,,71.0,2026-09-02 11:30:49.637,2026-09-03 10:56:54.843
1458602,Daniel Archer Louis,,,,,525.0,2026-09-02 11:33:32.083,2026-09-03 10:57:16.803
1458925,Aatrey Tripathi,,,,,2620.0,2026-09-02 11:33:37.397,2026-09-03 10:59:45.200
1458968,Aditya Bhandari,,,,,2620.0,2026-09-02 11:33:37.143,2026-09-03 10:59:45.153
1458987,Siddharth Joon,,,,,2620.0,2026-09-02 11:33:37.130,2026-09-03 10:59:45.123
1458991,Gavnish Khurana,,,,,2620.0,2026-09-02 11:33:37.153,2026-09-03 10:59:45.207
1459064,Rounak Waghela,,,,,2601.0,2026-09-02 11:35:48.663,2026-09-03 10:59:52.157
1459068,Vansh Jetly,,,,,2601.0,2026-09-02 11:35:48.663,2026-09-03 10:59:51.840
1459078,Sujal Singh,,,,,2601.0,2026-09-02 11:35:48.630,2026-09-03 10:59:51.787
1459089,Kavya Gupta,,,,,2601.0,2026-09-02 11:35:48.633,2026-09-03 10:59:51.800
1459090,Ashish Meena,,,,,2601.0,2026-09-02 11:35:49.343,2026-09-03 10:59:52.167
1459123,Vaibhav Baisla,,,,,2601.0,2026-09-02 11:35:48.637,2026-09-03 10:59:51.813
1459288,Ekansh Dobal,,,,,2590.0,2026-09-02 11:33:37.193,2026-09-03 10:59:44.940
1459299,Gaurav Saroha,,,,,2645.0,2026-09-02 11:34:35.947,2026-09-03 10:59:52.093
1459321,Rajneesh Dadar,,,,,2645.0,2026-09-02 11:34:35.943,2026-09-03 10:59:52.073
1459354,Aman Chaudhary,,,,,2631.0,2026-09-02 11:35:28.143,2026-09-03 10:59:36.427
1459394,Keshav Dabas,,,,,2620.0,2026-09-02 11:33:37.140,2026-09-03 10:59:45.160
1459427,Dhruv Singh,,,,,2631.0,2026-09-02 11:35:27.960,2026-09-03 10:59:36.120
1459430,Karan Garg,,,,,2590.0,2026-09-02 11:33:37.197,2026-09-03 10:59:44.917
1459452,Anmol Sharma,,,,,2590.0,2026-09-02 11:33:37.173,2026-09-03 10:59:44.890
1459475,Divansh Rawat,,,,,2590.0,2026-09-02 11:33:37.170,2026-09-03 10:59:45.250
1459507,Sagar Tanwar,,,,,2590.0,2026-09-02 11:33:37.170,2026-09-03 10:57:24.873
1459515,Ankur Kaushik,,,,,2590.0,2026-09-02 11:35:39.647,2026-09-03 10:59:44.903
1460068,Vaansh Jani,,,,,140.0,2026-09-02 11:34:58.857,2026-09-03 10:59:05.380
1460806,Udhav Mohan,,,,,2645.0,2026-09-02 11:34:35.950,2026-09-03 10:59:52.083
1460916,Yugal Saini,,,,,2620.0,2026-09-02 11:33:37.137,2026-09-03 10:59:45.133
1460938,Mohit Panwar,,,,,2631.0,2026-09-02 11:35:27.957,2026-09-03 10:59:36.103
1460971,Andrew John Neal,,,,,153.0,2026-09-02 11:35:04.793,2026-09-03 10:59:12.123
1460978,Arav Shetty,,,,,143.0,2026-09-02 11:35:13.700,2026-09-03 10:59:21.077
1461004,Nikhil Gorantla,,,,,148.0,2026-09-02 11:35:00.823,2026-09-03 10:59:07.770
1461069,Daaryoush Ahmed,,,,,151.0,2026-09-02 11:35:15.653,2026-09-03 10:59:23.313
1461345,Lara Leemhuis,,,,,188.0,2026-09-02 11:33:27.770,2026-09-03 10:57:11.500
1461352,Daniel Lategan,,,,,147.0,2026-09-02 11:35:13.723,2026-09-03 10:59:20.857
1462301,Lizzie Stanfergin,,,,,1055.0,2026-09-02 11:33:56.390,2026-09-03 10:58:28.973
1462445,Farhat Afroz,,,,,508.0,2026-09-02 11:34:24.130,2026-09-03 10:58:26.603
1462500,Libby Moore,,,,,1209.0,2026-09-02 11:33:47.373,2026-09-03 10:59:42.557
1462749,Shah Faisal,,,,,304.0,2026-09-02 11:34:03.920,2026-09-03 10:58:03.460
1462851,Ashi Chopla,,,,,775.0,2026-09-02 11:35:33.957,2026-09-03 10:59:47.580
1463082,Matthew Hollard,,,,,576.0,2026-09-02 11:33:43.300,2026-09-03 10:59:25.597
1463113,Hasnain Ul Wahab,,,,,304.0,2026-09-02 11:34:03.857,2026-09-03 10:58:02.887
1463330,Max Heingo,,,,,161.0,2026-09-02 11:33:25.923,2026-09-03 10:58:45.473
1463438,Zubair Ali,,,,,525.0,2026-09-02 11:33:32.093,2026-09-03 10:57:16.683
1463506,Niroshi Kuruppu,,,,,1675.0,2026-09-02 11:34:54.240,2026-09-03 10:59:42.327
1463507,Maya Kearvell,,,,,1675.0,2026-09-02 11:34:48.400,2026-09-03 10:59:42.683
1463509,Daria Tanase,,,,,1675.0,2026-09-02 11:34:48.413,2026-09-03 10:59:42.660
1463517,Alina Lupascu,,,,,1675.0,2026-09-02 11:34:48.403,2026-09-03 10:59:42.697
1463540,Miruna Gabriela Ionita,,,,,1675.0,2026-09-02 11:34:48.420,2026-09-03 10:59:42.410
1463548,Zehra Ender,,,,,902.0,2026-09-02 11:33:47.450,2026-09-03 10:59:47.487
1463955,Ayush Goyal,,,,,3601.0,2026-09-02 11:33:23.517,2026-09-03 10:57:29.997
1464045,Muhammad Shahdad,,,,,7.0,2026-09-02 11:33:32.020,2026-09-03 10:57:16.960
1464054,Sohaib Khan,,,,,7.0,2026-09-02 11:33:32.047,2026-09-03 10:57:16.473
1464571,Jashanpreet Singh,,,,,3567.0,2026-09-02 11:33:41.137,2026-09-03 10:57:29.590
1467475,Zachary Carter,,,,,262.0,2026-09-02 11:34:28.330,2026-09-03 10:59:49.683
1467499,Vitel Lawes,,,,,3208.0,2026-09-02 11:34:07.877,2026-09-03 10:58:56.677
1467783,Md Kounain Quraishi,,,,,235.0,2026-09-02 11:33:58.513,2026-09-03 10:57:57.477
1467948,Sumit Sharma,,,,,3571.0,2026-09-02 11:30:45.463,2026-09-03 10:57:05.430
1468787,Mithali Ayodhya,,,,,258.0,2026-09-02 11:34:09.717,2026-09-03 10:58:11.363
1468976,Shahzeb Afridi,,,,,525.0,2026-09-02 11:33:32.150,2026-09-03 10:57:16.790
1468987,Zeeshan Haider,,,,,525.0,2026-09-02 11:33:32.093,2026-09-03 10:57:16.700
1469277,Prashant Madhukar,,,,,71.0,2026-09-02 11:30:49.633,2026-09-03 10:56:54.857
1469284,Shujaat Rasool,,,,,543.0,2026-09-02 11:33:33.867,2026-09-03 10:57:19.413
1470503,Maria Penna,,,,,1668.0,2026-09-02 11:34:26.360,2026-09-03 10:59:29.520
1470536,Nefeli Vitsou,,,,,1668.0,2026-09-02 11:34:26.363,2026-09-03 10:58:28.733
1471008,Adeeb Usmani,,,,,7.0,2026-09-02 11:33:32.017,2026-09-03 10:57:16.393
1471176,Rosalie Lawrence,,,,,188.0,2026-09-02 11:33:27.760,2026-09-03 10:57:11.040
1472962,Mehul Pranav Kulkarni,,,,,449.0,2026-09-02 11:34:09.707,2026-09-03 10:58:11.100
1473644,Keshara Nuwantha,,,,,5.0,2026-09-02 11:35:56.227,2026-09-03 10:59:57.123
1474583,Mollie Watson,,,,,1104.0,2026-09-02 11:34:19.773,2026-09-03 10:59:40.443
1474594,Katie Robert,,,,,1104.0,2026-09-02 11:34:19.780,2026-09-03 10:59:40.423
1475178,Jai Moondra,,,,,573.0,2026-09-02 11:34:11.763,2026-09-03 10:59:38.333
1475977,Viola Komeda,,,,,1987.0,2026-09-02 11:34:19.703,2026-09-03 10:59:27.597
1475987,Desika Marikova-Moodley,,,,,1987.0,2026-09-02 11:34:19.747,2026-09-03 10:59:27.587
1476060,Farwa Baber,,,,,1987.0,2026-09-02 11:34:19.670,2026-09-03 10:59:27.300
1476261,Samvida Sri Munagala,,,,,508.0,2026-09-02 11:33:45.367,2026-09-03 10:58:26.700
1476493,Arjun Rajput,,,,,3591.0,2026-09-02 11:30:45.507,2026-09-03 10:56:52.507
1476591,Ali Usman,,,,,3.0,2026-09-02 11:34:56.427,2026-09-03 10:59:03.370
1476741,Hari Ragavendra V,,,,,369.0,2026-09-02 11:34:34.113,2026-09-03 10:58:37.713
1476761,Siddharth Mahadevan,,,,,369.0,2026-09-02 11:34:34.110,2026-09-03 10:58:37.687
1476967,Meghana Lakayil,,,,,504.0,2026-09-02 11:33:45.357,2026-09-03 10:58:26.850
1476977,Aanvi Kishore,,,,,504.0,2026-09-02 11:33:45.337,2026-09-03 10:58:52.107
1477007,Kirsten Simone-Kingsley,,,,,504.0,2026-09-02 11:34:24.060,2026-09-03 10:58:26.140
1477381,Abdul Raheem Toppin,,,,,271.0,2026-09-02 11:34:07.863,2026-09-03 10:59:32.130
1477391,Kamil Pooran,,,,,263.0,2026-09-02 11:35:23.510,2026-09-03 10:59:31.527
1477401,Amari Goodridge,,,,,263.0,2026-09-02 11:35:23.590,2026-09-03 10:59:31.627
1477807,Ashwini Chillar,,,,,2645.0,2026-09-02 11:35:48.910,2026-09-03 10:59:52.037
1477817,Aryan Gaur,,,,,2645.0,2026-09-02 11:34:35.957,2026-09-03 10:59:51.987
1477867,Monu Shukla,,,,,2631.0,2026-09-02 11:35:27.963,2026-09-03 10:59:36.160
1477870,Pratham Saluja,,,,,2631.0,2026-09-02 11:35:27.970,2026-09-03 10:59:36.440
1477880,Akshay Saini,,,,,2631.0,2026-09-02 11:35:27.957,2026-09-03 10:59:36.087
1478061,Dhananjai Singh,,,,,2645.0,2026-09-02 11:34:35.977,2026-09-03 10:58:39.793
1478327,Vivek Tiwari,,,,,2590.0,2026-09-02 11:33:37.160,2026-09-03 10:59:45.273
1478477,Ben Walkden,,,,,143.0,2026-09-02 11:35:13.703,2026-09-03 10:59:21.117
1478501,Naomi Hamilton,,,,,382.0,2026-09-02 11:33:39.287,2026-09-03 10:58:33.113
1478561,Grace Cottier,,,,,1209.0,2026-09-02 11:33:47.390,2026-09-03 10:59:42.563
1478571,Chloe Dillon,,,,,1209.0,2026-09-02 11:33:47.380,2026-09-03 10:59:42.593
1478577,Amelia Griffiths,,,,,1209.0,2026-09-02 11:33:47.390,2026-09-03 10:59:42.610
1478581,Rebecca McCrossan,,,,,389.0,2026-09-02 11:33:27.853,2026-09-03 10:58:47.707
1478591,Isabella Watson,,,,,389.0,2026-09-02 11:34:42.737,2026-09-03 10:58:47.717
1478601,Claire Elmore,,,,,1104.0,2026-09-02 11:34:20.017,2026-09-03 10:59:40.460
1478611,Shian Brathwaite,,,,,262.0,2026-09-02 11:34:28.333,2026-09-03 10:59:49.693
1478617,Sofia Velic,,,,,484.0,2026-09-02 11:30:54.483,2026-09-03 10:57:02.640
1478620,Anjuman Hira,,,,,775.0,2026-09-02 11:35:42.767,2026-09-03 10:59:47.360
1478630,Maria Ababi,,,,,1675.0,2026-09-02 11:34:48.413,2026-09-03 10:59:42.673
1478631,Mihaela Stan,,,,,1675.0,2026-09-02 11:34:48.417,2026-09-03 10:59:42.380
1478640,Izzy Clarke,,,,,1209.0,2026-09-02 11:33:47.393,2026-09-03 10:59:42.630
1478647,David Rushmere,,,,,572.0,2026-09-02 11:33:50.820,2026-09-03 10:57:41.870
1478651,Florence Hira,,,,,775.0,2026-09-02 11:33:56.597,2026-09-03 10:59:40.273
1478673,Lydia Katsimari,,,,,1668.0,2026-09-02 11:34:26.313,2026-09-03 10:59:29.453
1478681,Kyriaki Giannola,,,,,1668.0,2026-09-02 11:35:21.527,2026-09-03 10:59:29.530
1478683,Anna Wilson,,,,,1209.0,2026-09-02 11:33:47.387,2026-09-03 10:59:29.720
1478691,Merve Ercin,,,,,902.0,2026-09-02 11:33:47.470,2026-09-03 10:59:27.547
1478693,Reyyan Aliusta,,,,,902.0,2026-09-02 11:33:47.400,2026-09-03 10:59:27.557
1478703,Suheda Hancer,,,,,902.0,2026-09-02 11:34:44.627,2026-09-03 10:59:27.567
1478720,Herath Bandara,,,,,1675.0,2026-09-02 11:34:48.420,2026-09-03 10:59:00.540
1478730,Raisa Cristina,,,,,1675.0,2026-09-02 11:34:54.257,2026-09-03 10:59:00.770
1478737,Cristina Moschou,,,,,1668.0,2026-09-02 11:34:48.533,2026-09-03 10:58:54.483
1478747,William Rogers,,,,,144.0,2026-09-02 11:35:09.620,2026-09-03 10:59:17.063
1478757,Anjali Natarajan,,,,,1048.0,2026-09-02 11:34:15.550,2026-09-03 10:58:52.353
1478767,Dipika Chhetri,,,,,1048.0,2026-09-02 11:34:15.553,2026-09-03 10:58:52.363
1478777,Swathi Kannan,,,,,504.0,2026-09-02 11:33:45.353,2026-09-03 10:58:52.440
1478787,Jennifer Hira,,,,,775.0,2026-09-02 11:33:56.600,2026-09-03 10:58:43.037
1478790,Frida Larsen,,,,,508.0,2026-09-02 11:33:45.360,2026-09-03 10:58:35.460
1478797,Thea Larsen,,,,,508.0,2026-09-02 11:33:45.363,2026-09-03 10:58:35.480
1478807,Kabir Biren,,,,,190.0,2026-09-02 11:30:47.673,2026-09-03 10:58:03.343
1478811,Yuvaan Pandey,,,,,190.0,2026-09-02 11:30:47.557,2026-09-03 10:58:03.443
1478821,Maisie Skillan,,,,,1209.0,2026-09-02 11:33:47.380,2026-09-03 10:58:15.867
1478827,Reavan Preet Singh,,,,,3567.0,2026-09-02 11:33:41.140,2026-09-03 10:57:29.623
1478837,Syed Naqash Tanveer,,,,,571.0,2026-09-02 11:30:49.680,2026-09-03 10:58:05.830
1478847,MD Sheikh Shad Saif,,,,,571.0,2026-09-02 11:30:49.663,2026-09-03 10:58:05.907
1478897,Tanmay Dharni,,,,,3601.0,2026-09-02 11:33:23.523,2026-09-03 10:57:30.013
1478911,Gurmehar Sara,,,,,3601.0,2026-09-02 11:33:23.503,2026-09-03 10:57:29.867
1478917,Manpreet Johal,,,,,3601.0,2026-09-02 11:33:23.493,2026-09-03 10:57:29.890
1478927,Rajinder Singh Devgan,,,,,3601.0,2026-09-02 11:33:23.520,2026-09-03 10:57:29.983
1478941,Eish Rao,,,,,3561.0,2026-09-02 11:33:30.023,2026-09-03 10:57:13.810
1478967,Lakshay Kansal,,,,,3561.0,2026-09-02 11:33:29.990,2026-09-03 10:57:13.847
1478971,Navpreet Singh,,,,,3561.0,2026-09-02 11:33:29.983,2026-09-03 10:57:13.857
1478977,Anshul Chaudhary,,,,,3561.0,2026-09-02 11:33:29.993,2026-09-03 10:57:13.780
1478983,Jaiveer Bhinder,,,,,3561.0,2026-09-02 11:33:29.990,2026-09-03 10:57:13.763
1479037,Kirandeep Singh,,,,,3561.0,2026-09-02 11:33:29.987,2026-09-03 10:57:13.863
1479047,Aarush Latta,,,,,3561.0,2026-09-02 11:33:30.023,2026-09-03 10:57:13.820
1479067,Harjas Singh Tandon,,,,,3581.0,2026-09-02 11:33:29.977,2026-09-03 10:57:13.920
1479077,Aryan Yadav,,,,,3581.0,2026-09-02 11:33:29.970,2026-09-03 10:57:13.950
1479091,Paras Jaidka,,,,,3581.0,2026-09-02 11:33:29.980,2026-09-03 10:57:13.883
1479111,Randeep Singh,,,,,3581.0,2026-09-02 11:33:29.970,2026-09-03 10:57:13.930
1479137,Arpan Walia,,,,,3581.0,2026-09-02 11:33:30.190,2026-09-03 10:57:13.940
1479151,Gourav Markan,,,,,3581.0,2026-09-02 11:33:29.973,2026-09-03 10:57:13.610
1479153,Dev Amritpal Singh,,,,,3571.0,2026-09-02 11:30:45.407,2026-09-03 10:57:05.383
1479161,Ridham Satyawan,,,,,3571.0,2026-09-02 11:30:45.437,2026-09-03 10:57:05.407
1479167,Ashish Lowrance,,,,,3571.0,2026-09-02 11:33:23.547,2026-09-03 10:57:05.440
1479177,Jatin Sahota,,,,,3571.0,2026-09-02 11:30:45.463,2026-09-03 10:56:52.620
1479187,Abir Kohli,,,,,3571.0,2026-09-02 11:33:23.670,2026-09-03 10:57:05.463
1479191,Rishabh Gupta,,,,,3571.0,2026-09-02 11:30:45.350,2026-09-03 10:57:05.340
1479197,Noorveer Singh,,,,,3571.0,2026-09-02 11:30:45.390,2026-09-03 10:57:05.417
1479211,Shahbaz Singh Sandhu,,,,,3571.0,2026-09-02 11:30:45.450,2026-09-03 10:57:05.473
1479221,Simranjeet Singh Gharu,,,,,3571.0,2026-09-02 11:30:45.480,2026-09-03 10:57:05.487
1479231,Imrozpreet Singh,,,,,3571.0,2026-09-02 11:30:45.467,2026-09-03 10:56:52.243
1479267,Taranveer Singh Randhawa,,,,,3591.0,2026-09-02 11:30:45.560,2026-09-03 10:56:52.467
1479297,Bikramjeet Singh,,,,,3591.0,2026-09-02 11:30:45.560,2026-09-03 10:56:52.477
1479307,Madhav Singh Pathania,,,,,3591.0,2026-09-02 11:30:45.503,2026-09-03 10:56:52.527
1479317,Lovedeep Singh Kharod,,,,,3591.0,2026-09-02 11:30:45.500,2026-09-03 10:56:52.563
1479333,Sahil Bhaskar,,,,,3591.0,2026-09-02 11:30:45.500,2026-09-03 10:56:52.547
1479343,Aryan Bhatia,,,,,3601.0,2026-09-02 11:33:23.510,2026-09-03 10:57:29.923
1479353,Vaibhav Kalra,,,,,3567.0,2026-09-02 11:33:41.140,2026-09-03 10:57:30.100
1479357,Jaipartap Singh Johal,,,,,3567.0,2026-09-02 11:33:41.147,2026-09-03 10:57:30.060
1479377,Ummer Abbas,,,,,298.0,2026-09-02 11:30:47.547,2026-09-03 10:56:57.120
1479401,Akshay Patil,,,,,525.0,2026-09-02 11:33:32.117,2026-09-03 10:57:16.743
1479411,Muhammad Wasim,,,,,543.0,2026-09-02 11:33:33.867,2026-09-03 10:57:19.407
1479427,Muhammad Atif,,,,,571.0,2026-09-02 11:30:49.670,2026-09-03 10:56:54.780
