team_id,team_name,short_name,country,created_at,updated_at
2,India,IND,India,2026-09-01 16:37:22.740,2026-09-03 11:09:05.327
3,Pakistan,PAK,,2026-09-01 16:37:22.503,2026-09-01 16:37:22.503
4,Australia,AUS,Australia,2026-09-01 16:37:22.667,2026-09-03 11:09:05.327
5,Sri Lanka,SL,,2026-09-01 16:37:22.763,2026-09-01 16:37:22.763
6,Bangladesh,BAN,Bangladesh,2026-09-01 16:37:22.663,2026-09-03 11:09:05.327
7,United Arab Emirates,UAE,,2026-09-01 16:37:24.213,2026-09-01 16:37:24.213
8,"Hong Kong, China",HKC,,2026-09-01 16:37:21.020,2026-09-01 16:37:24.210
9,England,ENG,,2026-09-01 16:37:22.500,2026-09-01 16:37:22.500
11,South Africa,RSA,,2026-09-01 16:37:20.803,2026-09-01 16:37:22.623
12,Zimbabwe,ZIM,Zimbabwe,2026-09-01 16:37:20.807,2026-09-03 11:09:05.327
41,Sussex,SUS,,2026-09-01 16:37:24.390,2026-09-01 16:37:24.390
71,Malaysia,MLY,,2026-09-01 16:34:47.260,2026-09-01 16:37:24.137
72,Nepal,NEP,,2026-09-01 16:37:24.147,2026-09-01 16:37:24.147
74,Middlesex,MDX,,2026-09-01 16:37:24.527,2026-09-01 16:37:24.527
97,India Women,INDW,,2026-09-01 16:37:24.663,2026-09-01 16:37:24.663
99,England Women,ENGW,,2026-09-01 16:37:21.143,2026-09-01 16:37:21.143
119,Somerset,SOM,,2026-09-01 16:37:24.387,2026-09-01 16:37:24.387
139,Nottinghamshire,NOTTS,,2026-09-01 16:37:24.360,2026-09-01 16:37:24.360
140,Warwickshire,WARKS,,2026-09-01 16:37:24.360,2026-09-01 16:37:24.360
141,Durham,DUR,,2026-09-01 16:37:24.540,2026-09-01 16:37:24.540
142,Northamptonshire,NHNTS,,2026-09-01 16:37:24.607,2026-09-01 16:37:24.607
143,Lancashire,LANCS,,2026-09-01 16:37:24.580,2026-09-01 16:37:24.580
144,Derbyshire,DERBY,,2026-09-01 16:37:24.527,2026-09-01 16:37:24.527
145,Leicestershire,LEIC,,2026-09-01 16:37:24.413,2026-09-01 16:37:24.413
146,Yorkshire,YORKS,,2026-09-01 16:37:24.413,2026-09-01 16:37:24.413
147,Worcestershire,WORCS,,2026-09-01 16:37:24.580,2026-09-01 16:37:24.580
148,Surrey,SUR,,2026-09-01 16:37:24.510,2026-09-01 16:37:24.510
149,Glamorgan,GLAM,,2026-09-01 16:37:24.477,2026-09-01 16:37:24.477
150,Kent,KENT,,2026-09-01 16:37:24.593,2026-09-01 16:37:24.593
151,Gloucestershire,GLOUCS,,2026-09-01 16:37:24.540,2026-09-01 16:37:24.540
152,Essex,ESS,South Africa,2026-09-01 16:37:24.510,2026-09-03 11:09:05.327
153,Hampshire,HAM,England,2026-09-01 16:37:24.437,2026-09-03 11:09:05.327
159,Guyana Amazon Warriors,GAW,,2026-09-01 16:37:22.920,2026-09-01 16:37:22.920
161,Namibia,NAM,,2026-09-01 16:37:22.620,2026-09-01 16:37:22.633
188,Netherlands Women,NEDW,,2026-09-01 16:34:47.560,2026-09-01 16:37:25.130
189,Ireland Women,IREW,,2026-09-01 16:37:21.143,2026-09-01 16:37:21.143
190,Singapore,SIN,,2026-09-01 16:34:47.377,2026-09-01 16:37:24.183
233,North Zone,NZONE,,2026-09-01 16:34:47.167,2026-09-01 16:37:24.093
234,West Zone,WZONE,,2026-09-01 16:37:24.097,2026-09-01 16:37:24.097
235,East Zone,EZONE,,2026-09-01 16:34:47.083,2026-09-01 16:37:24.033
236,South Zone,SZONE,,2026-09-01 16:34:47.167,2026-09-01 16:37:24.023
237,Central Zone,CZONE,,2026-09-01 16:34:47.070,2026-09-01 16:37:19.310
258,Sri Lanka Women,SLW,,2026-09-01 16:37:24.720,2026-09-01 16:37:24.720
259,Pakistan Women,PAKW,,2026-09-01 16:37:21.077,2026-09-01 16:37:21.077
262,Barbados Tridents,BBT,,2026-09-01 16:37:20.910,2026-09-01 16:37:23.040
263,Saint Lucia Kings,SLK,,2026-09-01 16:37:23.100,2026-09-01 16:37:23.100
268,South Africa A,RSAA,,2026-09-01 16:34:47.447,2026-09-01 16:37:24.250
271,Trinbago Knight Riders,TKR,West Indies,2026-09-01 16:37:22.920,2026-09-03 11:09:05.327
288,Bangladesh A,BANA,,2026-09-01 16:34:47.463,2026-09-01 16:37:24.247
298,Kuwait,KUW,,2026-09-01 16:34:47.360,2026-09-01 16:37:24.180
302,St Kitts and Nevis Patriots,SNP,West Indies,2026-09-01 16:37:20.893,2026-09-03 11:09:05.327
304,Oman,OMAN,,2026-09-01 16:37:21.040,2026-09-01 16:37:24.183
329,Bangladesh Women,BANW,,2026-09-01 16:37:24.637,2026-09-01 16:37:24.637
368,Vida Kovai Kings,VKK,,2026-09-01 16:37:23.560,2026-09-01 16:37:23.587
369,Madurai Panthers,MDP,,2026-09-01 16:37:23.563,2026-09-01 16:37:23.563
382,Thailand Women,THAIW,,2026-09-01 16:37:21.090,2026-09-01 16:37:24.670
389,Scotland Women,SCOW,,2026-09-01 16:34:47.543,2026-09-01 16:37:25.130
410,Trichy Grand Cholas,TRI,,2026-09-01 16:37:23.610,2026-09-01 16:37:23.610
449,United Arab Emirates Women,UAEW,,2026-09-01 16:37:24.720,2026-09-01 16:37:24.720
484,Indonesia Women,IDNW,,2026-09-01 16:37:24.650,2026-09-01 16:37:24.650
502,"Hong Kong, China Women",HKC W,,2026-09-01 16:37:24.683,2026-09-01 16:37:24.683
504,Germany Women,GERW,,2026-09-01 16:37:24.900,2026-09-01 16:37:25.063
508,Denmark Women,DENW,,2026-09-01 16:37:24.870,2026-09-01 16:37:25.050
525,Qatar,QAT,,2026-09-01 16:37:21.053,2026-09-01 16:37:24.213
543,Bahrain,BHR,,2026-09-01 16:37:21.020,2026-09-01 16:37:24.147
571,Saudi Arabia,SAU,,2026-09-01 16:34:47.280,2026-09-01 16:37:24.210
572,Amsterdam Flames,ADF,,2026-09-01 16:37:23.237,2026-09-01 16:37:23.497
573,Rotterdam Dockers,RDD,Netherlands,2026-09-01 16:37:20.947,2026-09-03 11:09:05.327
574,Edinburgh Castle Rockers,ECR,,2026-09-01 16:37:23.253,2026-09-01 16:37:23.487
575,Glasgow Cosmic,GGC,Portugal,2026-09-01 16:37:20.947,2026-09-03 11:09:05.327
576,Dublin Guardians,DBG,India,2026-09-01 16:37:23.487,2026-09-03 11:09:05.327
577,Belfast Wolves,BFW,Ireland,2026-09-01 16:37:23.303,2026-09-03 11:09:05.327
775,Austria Women,AUTW,,2026-09-01 16:37:24.727,2026-09-01 16:37:24.853
902,Turkey Women,TRKW,,2026-09-01 16:37:24.740,2026-09-01 16:37:24.787
1048,Sweden Women,SWEW,,2026-09-01 16:37:24.870,2026-09-01 16:37:25.063
1055,Norway Women,NOYW,,2026-09-01 16:37:24.727,2026-09-01 16:37:24.823
1104,Guernsey Women,GGYW,,2026-09-01 16:37:24.740,2026-09-01 16:37:24.853
1146,North East Zone,NEZONE,,2026-09-01 16:37:24.050,2026-09-01 16:37:24.050
1209,Isle of Man Women,IOMW,,2026-09-01 16:37:24.770,2026-09-01 16:37:24.857
1668,Greece Women,GRCW,,2026-09-01 16:37:24.760,2026-09-01 16:37:24.863
1675,Romania Women,ROMW,,2026-09-01 16:37:24.790,2026-09-01 16:37:24.863
1978,Antigua and Barbuda Falcons,ABF,,2026-09-01 16:37:22.837,2026-09-01 16:37:23.040
1987,Czech Republic Women,CZEW,,2026-09-01 16:37:24.753,2026-09-01 16:37:24.773
2590,South Delhi Superstarz,SDS,,2026-09-01 16:37:23.687,2026-09-01 16:37:23.943
2601,East Delhi Riders,EDR,,2026-09-01 16:37:23.827,2026-09-01 16:37:23.827
2620,Central Delhi Kings,CDK,,2026-09-01 16:37:23.687,2026-09-01 16:37:23.943
2631,Outer Delhi Warriors,ODW,,2026-09-01 16:37:23.927,2026-09-01 16:37:23.927
2645,Purani Dilli 6,PD,,2026-09-01 16:37:23.760,2026-09-01 16:37:23.930
3208,Jamaica Kingsmen,JKM,,2026-09-01 16:37:23.147,2026-09-01 16:37:23.190
3561,Fazilka Falcons,FZF,,2026-09-01 16:37:23.653,2026-09-01 16:37:23.653
3567,Amritsar Soormas,AMS,,2026-09-01 16:37:20.997,2026-09-01 16:37:23.640
3571,Bathinda Royals,BTR,,2026-09-01 16:34:46.963,2026-09-01 16:37:23.627
3581,Jalandhar Warriors,JLW,,2026-09-01 16:37:20.980,2026-09-01 16:37:23.650
3591,Ludhiana Lions,LDL,,2026-09-01 16:34:46.980,2026-09-01 16:37:23.630
3601,Mohali Kings,MHK,,2026-09-01 16:37:23.617,2026-09-01 16:37:23.640
